line,timestamp,type,role,uuid,parentUuid,sessionId,cwd,gitBranch,model,stop_reason
1,,permission-mode,,,,1c029e8d-ddb5-413c-a856-e62d799adda4,,,,
2,,file-history-snapshot,,,,,,,,
3,2026-05-14T17:23:11.680Z,user,user,cb29e66e-4b66-4c63-968d-4f2a900652af,,1c029e8d-ddb5-413c-a856-e62d799adda4,/home/sean-campbell/github/willow-2.0,sandbox/willow-2.0,,
4,2026-05-14T17:23:11.679Z,attachment,,44dc2b27-c187-4c16-9edb-56ddea587249,cb29e66e-4b66-4c63-968d-4f2a900652af,1c029e8d-ddb5-413c-a856-e62d799adda4,/home/sean-campbell/github/willow-2.0,sandbox/willow-2.0,,
5,2026-05-14T17:23:11.679Z,attachment,,064bcf87-df19-435f-9103-c5dd14bef72c,44dc2b27-c187-4c16-9edb-56ddea587249,1c029e8d-ddb5-413c-a856-e62d799adda4,/home/sean-campbell/github/willow-2.0,sandbox/willow-2.0,,
6,2026-05-14T17:23:11.679Z,attachment,,78453b00-17a6-47fe-a7be-b387a96a9a8d,064bcf87-df19-435f-9103-c5dd14bef72c,1c029e8d-ddb5-413c-a856-e62d799adda4,/home/sean-campbell/github/willow-2.0,sandbox/willow-2.0,,
7,2026-05-14T17:23:11.680Z,attachment,,48ec2c85-fc92-408d-aa45-6a7beb382ad5,78453b00-17a6-47fe-a7be-b387a96a9a8d,1c029e8d-ddb5-413c-a856-e62d799adda4,/home/sean-campbell/github/willow-2.0,sandbox/willow-2.0,,
8,,ai-title,,,,1c029e8d-ddb5-413c-a856-e62d799adda4,,,,
9,2026-05-14T17:23:18.057Z,assistant,assistant,ad3a4695-82f5-43f7-9543-b08afd967571,48ec2c85-fc92-408d-aa45-6a7beb382ad5,1c029e8d-ddb5-413c-a856-e62d799adda4,/home/sean-campbell/github/willow-2.0,sandbox/willow-2.0,claude-sonnet-4-6,end_turn
10,2026-05-14T17:23:18.058Z,assistant,assistant,9ea105f7-bd4c-4bda-bfe6-ad4b136843d3,ad3a4695-82f5-43f7-9543-b08afd967571,1c029e8d-ddb5-413c-a856-e62d799adda4,/home/sean-campbell/github/willow-2.0,sandbox/willow-2.0,claude-sonnet-4-6,end_turn
11,2026-05-14T17:23:19.571Z,system,,d2321eb5-7c0a-40da-913b-5c1a1343aee6,9ea105f7-bd4c-4bda-bfe6-ad4b136843d3,1c029e8d-ddb5-413c-a856-e62d799adda4,/home/sean-campbell/github/willow-2.0,sandbox/willow-2.0,,
12,2026-05-14T17:23:19.573Z,system,,e9ad8975-9af9-49e6-84f2-363707af0b86,d2321eb5-7c0a-40da-913b-5c1a1343aee6,1c029e8d-ddb5-413c-a856-e62d799adda4,/home/sean-campbell/github/willow-2.0,sandbox/willow-2.0,,
13,,file-history-snapshot,,,,,,,,
14,2026-05-14T17:24:58.485Z,user,user,f047efd6-2cfe-44b4-856e-d5efd7a8b55e,e9ad8975-9af9-49e6-84f2-363707af0b86,1c029e8d-ddb5-413c-a856-e62d799adda4,/home/sean-campbell/github/willow-2.0,sandbox/willow-2.0,,
15,2026-05-14T17:25:02.327Z,assistant,assistant,d0b01eb6-81df-44dd-8eea-ed492fa86b47,f047efd6-2cfe-44b4-856e-d5efd7a8b55e,1c029e8d-ddb5-413c-a856-e62d799adda4,/home/sean-campbell/github/willow-2.0,sandbox/willow-2.0,claude-sonnet-4-6,tool_use
16,2026-05-14T17:25:02.634Z,assistant,assistant,d51b32d1-b097-41da-b647-52d04e1cbf5a,d0b01eb6-81df-44dd-8eea-ed492fa86b47,1c029e8d-ddb5-413c-a856-e62d799adda4,/home/sean-campbell/github/willow-2.0,sandbox/willow-2.0,claude-sonnet-4-6,tool_use
17,2026-05-14T17:25:09.087Z,assistant,assistant,7c5a7a6c-9221-4451-a3da-bb4d6c65cb44,d51b32d1-b097-41da-b647-52d04e1cbf5a,1c029e8d-ddb5-413c-a856-e62d799adda4,/home/sean-campbell/github/willow-2.0,sandbox/willow-2.0,claude-sonnet-4-6,tool_use
18,2026-05-14T17:26:42.453Z,user,user,c6601d41-7c8e-4ea3-aef9-f5a7e94376c0,7c5a7a6c-9221-4451-a3da-bb4d6c65cb44,1c029e8d-ddb5-413c-a856-e62d799adda4,/home/sean-campbell/github/willow-2.0,sandbox/willow-2.0,,
19,2026-05-14T17:26:47.391Z,assistant,assistant,8b4c0a56-0d99-4946-8d1f-5e64e7463f63,c6601d41-7c8e-4ea3-aef9-f5a7e94376c0,1c029e8d-ddb5-413c-a856-e62d799adda4,/home/sean-campbell/github/willow-2.0,sandbox/willow-2.0,claude-sonnet-4-6,tool_use
20,2026-05-14T17:26:47.392Z,assistant,assistant,29239692-2912-4f07-9a70-9d2b673d9831,8b4c0a56-0d99-4946-8d1f-5e64e7463f63,1c029e8d-ddb5-413c-a856-e62d799adda4,/home/sean-campbell/github/willow-2.0,sandbox/willow-2.0,claude-sonnet-4-6,tool_use
21,2026-05-14T17:26:49.315Z,assistant,assistant,eeba2d28-8ec7-48db-965c-b7a13be1a033,29239692-2912-4f07-9a70-9d2b673d9831,1c029e8d-ddb5-413c-a856-e62d799adda4,/home/sean-campbell/github/willow-2.0,sandbox/willow-2.0,claude-sonnet-4-6,tool_use
22,2026-05-14T17:27:03.295Z,user,user,959c86a0-026d-40b5-a604-7af1ec177efa,eeba2d28-8ec7-48db-965c-b7a13be1a033,1c029e8d-ddb5-413c-a856-e62d799adda4,/home/sean-campbell/github/willow-2.0,sandbox/willow-2.0,,
23,,last-prompt,,,,1c029e8d-ddb5-413c-a856-e62d799adda4,,,,
24,,ai-title,,,,1c029e8d-ddb5-413c-a856-e62d799adda4,,,,
25,,permission-mode,,,,1c029e8d-ddb5-413c-a856-e62d799adda4,,,,
26,2026-05-14T17:27:05.150Z,assistant,assistant,98dc2acf-6959-44e7-b2ef-7d5bee52184f,959c86a0-026d-40b5-a604-7af1ec177efa,1c029e8d-ddb5-413c-a856-e62d799adda4,/home/sean-campbell/github/willow-2.0,sandbox/willow-2.0,claude-sonnet-4-6,end_turn
27,2026-05-14T17:27:07.163Z,system,,cde3f143-67eb-40d7-aa54-3811b5341b71,98dc2acf-6959-44e7-b2ef-7d5bee52184f,1c029e8d-ddb5-413c-a856-e62d799adda4,/home/sean-campbell/github/willow-2.0,sandbox/willow-2.0,,
28,2026-05-14T17:27:07.165Z,system,,d3df1bc7-76ac-4936-8717-b90574619f96,cde3f143-67eb-40d7-aa54-3811b5341b71,1c029e8d-ddb5-413c-a856-e62d799adda4,/home/sean-campbell/github/willow-2.0,sandbox/willow-2.0,,
29,2026-05-14T17:30:24.078Z,system,,f97db64e-fa84-4f71-a70e-dc15a03955b9,d3df1bc7-76ac-4936-8717-b90574619f96,1c029e8d-ddb5-413c-a856-e62d799adda4,/home/sean-campbell/github/willow-2.0,sandbox/willow-2.0,,
30,,file-history-snapshot,,,,,,,,
31,2026-05-14T17:30:26.590Z,user,user,e948d263-2eda-48f8-bd7e-3b213c6e9bce,f97db64e-fa84-4f71-a70e-dc15a03955b9,1c029e8d-ddb5-413c-a856-e62d799adda4,/home/sean-campbell/github/willow-2.0,sandbox/willow-2.0,,
32,2026-05-14T17:30:29.296Z,assistant,assistant,0e00373c-2540-4147-96b9-b01c0288aa75,e948d263-2eda-48f8-bd7e-3b213c6e9bce,1c029e8d-ddb5-413c-a856-e62d799adda4,/home/sean-campbell/github/willow-2.0,sandbox/willow-2.0,claude-sonnet-4-6,tool_use
33,2026-05-14T17:30:29.770Z,assistant,assistant,ee2a3097-6b8c-4b43-9ebd-d43c11bc5b77,0e00373c-2540-4147-96b9-b01c0288aa75,1c029e8d-ddb5-413c-a856-e62d799adda4,/home/sean-campbell/github/willow-2.0,sandbox/willow-2.0,claude-sonnet-4-6,tool_use
34,2026-05-14T17:30:30.011Z,assistant,assistant,134ca7f8-6495-408c-be7a-1989bef79ec7,ee2a3097-6b8c-4b43-9ebd-d43c11bc5b77,1c029e8d-ddb5-413c-a856-e62d799adda4,/home/sean-campbell/github/willow-2.0,sandbox/willow-2.0,claude-sonnet-4-6,tool_use
35,2026-05-14T17:30:30.031Z,user,user,df9a320b-469e-4be9-a54c-6e0d04e93fa9,134ca7f8-6495-408c-be7a-1989bef79ec7,1c029e8d-ddb5-413c-a856-e62d799adda4,/home/sean-campbell/github/willow-2.0,sandbox/willow-2.0,,
36,2026-05-14T17:30:32.675Z,assistant,assistant,3b02eac3-edf7-44cf-8806-fdc24a924c2f,df9a320b-469e-4be9-a54c-6e0d04e93fa9,1c029e8d-ddb5-413c-a856-e62d799adda4,/home/sean-campbell/github/willow-2.0,sandbox/willow-2.0,claude-sonnet-4-6,end_turn
37,2026-05-14T17:30:34.947Z,system,,84028258-2c9c-4a0a-a5f4-ea3f3815aab3,3b02eac3-edf7-44cf-8806-fdc24a924c2f,1c029e8d-ddb5-413c-a856-e62d799adda4,/home/sean-campbell/github/willow-2.0,sandbox/willow-2.0,,
38,2026-05-14T17:30:34.949Z,system,,e9c67bdb-1a28-4d8f-a989-52453e543ed3,84028258-2c9c-4a0a-a5f4-ea3f3815aab3,1c029e8d-ddb5-413c-a856-e62d799adda4,/home/sean-campbell/github/willow-2.0,sandbox/willow-2.0,,
39,,file-history-snapshot,,,,,,,,
40,2026-05-14T17:32:28.411Z,user,user,ca5d1655-48ca-48e4-813a-aa2615c4d233,e9c67bdb-1a28-4d8f-a989-52453e543ed3,1c029e8d-ddb5-413c-a856-e62d799adda4,/home/sean-campbell/github/willow-2.0,sandbox/willow-2.0,,
41,2026-05-14T17:32:31.487Z,assistant,assistant,a71b6b84-1871-479c-8ca3-d5160ab92716,ca5d1655-48ca-48e4-813a-aa2615c4d233,1c029e8d-ddb5-413c-a856-e62d799adda4,/home/sean-campbell/github/willow-2.0,sandbox/willow-2.0,claude-sonnet-4-6,tool_use
42,2026-05-14T17:32:31.499Z,user,user,39836667-814d-43fb-87dc-5ad50d5e2399,a71b6b84-1871-479c-8ca3-d5160ab92716,1c029e8d-ddb5-413c-a856-e62d799adda4,/home/sean-campbell/github/willow-2.0,sandbox/willow-2.0,,
43,2026-05-14T17:32:31.556Z,attachment,,a776fd0a-137d-461a-9668-11ca97c046a2,39836667-814d-43fb-87dc-5ad50d5e2399,1c029e8d-ddb5-413c-a856-e62d799adda4,/home/sean-campbell/github/willow-2.0,sandbox/willow-2.0,,
44,2026-05-14T17:32:35.658Z,assistant,assistant,5ec48445-4f38-4ad9-9861-1dd7b46d83e7,a776fd0a-137d-461a-9668-11ca97c046a2,1c029e8d-ddb5-413c-a856-e62d799adda4,/home/sean-campbell/github/willow-2.0,sandbox/willow-2.0,claude-sonnet-4-6,end_turn
45,2026-05-14T17:32:37.689Z,system,,032fd939-d33a-495d-836d-aea50509cf8a,5ec48445-4f38-4ad9-9861-1dd7b46d83e7,1c029e8d-ddb5-413c-a856-e62d799adda4,/home/sean-campbell/github/willow-2.0,sandbox/willow-2.0,,
46,2026-05-14T17:32:37.693Z,system,,efa33d00-5cdc-43cf-94d2-ece2c6453288,032fd939-d33a-495d-836d-aea50509cf8a,1c029e8d-ddb5-413c-a856-e62d799adda4,/home/sean-campbell/github/willow-2.0,sandbox/willow-2.0,,
47,,file-history-snapshot,,,,,,,,
48,2026-05-14T17:33:22.555Z,user,user,60216826-8f68-4119-b31f-91c519f7d344,efa33d00-5cdc-43cf-94d2-ece2c6453288,1c029e8d-ddb5-413c-a856-e62d799adda4,/home/sean-campbell/github/willow-2.0,sandbox/willow-2.0,,
49,2026-05-14T17:33:35.515Z,assistant,assistant,13e4d29e-d4f1-42a8-bf93-c9471131d69a,60216826-8f68-4119-b31f-91c519f7d344,1c029e8d-ddb5-413c-a856-e62d799adda4,/home/sean-campbell/github/willow-2.0,sandbox/willow-2.0,claude-sonnet-4-6,end_turn
50,2026-05-14T17:33:42.627Z,assistant,assistant,1a7e22bb-066a-4508-a839-d64c7c663556,13e4d29e-d4f1-42a8-bf93-c9471131d69a,1c029e8d-ddb5-413c-a856-e62d799adda4,/home/sean-campbell/github/willow-2.0,sandbox/willow-2.0,claude-sonnet-4-6,end_turn
51,2026-05-14T17:33:45.256Z,system,,1e8c174c-bcfe-4460-ab70-2a501673faf3,1a7e22bb-066a-4508-a839-d64c7c663556,1c029e8d-ddb5-413c-a856-e62d799adda4,/home/sean-campbell/github/willow-2.0,sandbox/willow-2.0,,
52,2026-05-14T17:33:45.261Z,system,,9fe290d0-2716-49df-9ae1-234a2a382e5f,1e8c174c-bcfe-4460-ab70-2a501673faf3,1c029e8d-ddb5-413c-a856-e62d799adda4,/home/sean-campbell/github/willow-2.0,sandbox/willow-2.0,,
53,,file-history-snapshot,,,,,,,,
54,2026-05-14T17:34:01.981Z,user,user,827e308c-9db3-45ed-a1fb-0804b80bcab5,9fe290d0-2716-49df-9ae1-234a2a382e5f,1c029e8d-ddb5-413c-a856-e62d799adda4,/home/sean-campbell/github/willow-2.0,sandbox/willow-2.0,,
55,2026-05-14T17:35:01.171Z,assistant,assistant,6325b3b3-82ad-4a54-9566-0ce789db5b90,827e308c-9db3-45ed-a1fb-0804b80bcab5,1c029e8d-ddb5-413c-a856-e62d799adda4,/home/sean-campbell/github/willow-2.0,sandbox/willow-2.0,claude-sonnet-4-6,tool_use
56,2026-05-14T17:35:01.476Z,assistant,assistant,9af7cd5d-a88c-4346-8bf7-2873973ea8e7,6325b3b3-82ad-4a54-9566-0ce789db5b90,1c029e8d-ddb5-413c-a856-e62d799adda4,/home/sean-campbell/github/willow-2.0,sandbox/willow-2.0,claude-sonnet-4-6,tool_use
57,2026-05-14T17:35:01.988Z,assistant,assistant,506ab98e-b110-4bd9-809b-9bf64a7d8716,9af7cd5d-a88c-4346-8bf7-2873973ea8e7,1c029e8d-ddb5-413c-a856-e62d799adda4,/home/sean-campbell/github/willow-2.0,sandbox/willow-2.0,claude-sonnet-4-6,tool_use
58,2026-05-14T17:35:03.545Z,user,user,d149420a-5598-4053-a2b0-d01cc6753672,506ab98e-b110-4bd9-809b-9bf64a7d8716,1c029e8d-ddb5-413c-a856-e62d799adda4,/home/sean-campbell/github/willow-2.0,sandbox/willow-2.0,,
59,,last-prompt,,,,1c029e8d-ddb5-413c-a856-e62d799adda4,,,,
60,,ai-title,,,,1c029e8d-ddb5-413c-a856-e62d799adda4,,,,
61,,permission-mode,,,,1c029e8d-ddb5-413c-a856-e62d799adda4,,,,
62,2026-05-14T17:35:06.490Z,assistant,assistant,b686783b-3cb9-4daf-a1e1-981a7d75a04a,d149420a-5598-4053-a2b0-d01cc6753672,1c029e8d-ddb5-413c-a856-e62d799adda4,/home/sean-campbell/github/willow-2.0,sandbox/willow-2.0,claude-sonnet-4-6,tool_use
63,2026-05-14T17:35:06.669Z,user,user,befb948c-4262-4fe5-9b43-40857e28abe6,b686783b-3cb9-4daf-a1e1-981a7d75a04a,1c029e8d-ddb5-413c-a856-e62d799adda4,/home/sean-campbell/github/willow-2.0,sandbox/willow-2.0,,
64,2026-05-14T17:35:15.505Z,assistant,assistant,3abc2532-a91f-49fc-a300-f754d812b38f,befb948c-4262-4fe5-9b43-40857e28abe6,1c029e8d-ddb5-413c-a856-e62d799adda4,/home/sean-campbell/github/willow-2.0,sandbox/willow-2.0,claude-sonnet-4-6,tool_use
65,,file-history-snapshot,,,,,,,,
66,2026-05-14T17:35:17.150Z,user,user,a21f6e66-ab44-4653-b545-6a5509a37231,3abc2532-a91f-49fc-a300-f754d812b38f,1c029e8d-ddb5-413c-a856-e62d799adda4,/home/sean-campbell/github/willow-2.0,sandbox/willow-2.0,,
67,2026-05-14T17:35:19.445Z,assistant,assistant,603186e0-033c-484b-893f-b471d0b3d1ad,a21f6e66-ab44-4653-b545-6a5509a37231,1c029e8d-ddb5-413c-a856-e62d799adda4,/home/sean-campbell/github/willow-2.0,sandbox/willow-2.0,claude-sonnet-4-6,tool_use
68,,file-history-snapshot,,,,,,,,
69,2026-05-14T17:35:20.929Z,user,user,c585a34f-3bb3-4d12-9ca3-5bb03d0b1746,603186e0-033c-484b-893f-b471d0b3d1ad,1c029e8d-ddb5-413c-a856-e62d799adda4,/home/sean-campbell/github/willow-2.0,sandbox/willow-2.0,,
70,2026-05-14T17:35:32.099Z,assistant,assistant,ad1ecd13-6a01-495f-a750-bd86078cb4e2,c585a34f-3bb3-4d12-9ca3-5bb03d0b1746,1c029e8d-ddb5-413c-a856-e62d799adda4,/home/sean-campbell/github/willow-2.0,sandbox/willow-2.0,claude-sonnet-4-6,tool_use
71,,file-history-snapshot,,,,,,,,
72,2026-05-14T17:35:33.367Z,user,user,42df6ed4-3cd5-47d3-a72c-5caf89f1cc0f,ad1ecd13-6a01-495f-a750-bd86078cb4e2,1c029e8d-ddb5-413c-a856-e62d799adda4,/home/sean-campbell/github/willow-2.0,sandbox/willow-2.0,,
73,,file-history-snapshot,,,,,,,,
74,2026-05-14T17:36:11.931Z,assistant,assistant,7a229b26-8702-4881-a79f-97a6cd2dd60f,42df6ed4-3cd5-47d3-a72c-5caf89f1cc0f,1c029e8d-ddb5-413c-a856-e62d799adda4,/home/sean-campbell/github/willow-2.0,sandbox/willow-2.0,claude-sonnet-4-6,tool_use
75,,last-prompt,,,,1c029e8d-ddb5-413c-a856-e62d799adda4,,,,
76,,ai-title,,,,1c029e8d-ddb5-413c-a856-e62d799adda4,,,,
77,,permission-mode,,,,1c029e8d-ddb5-413c-a856-e62d799adda4,,,,
78,2026-05-14T17:36:13.170Z,user,user,eadfff2d-3fd1-4339-b9e3-440a0a38dde1,7a229b26-8702-4881-a79f-97a6cd2dd60f,1c029e8d-ddb5-413c-a856-e62d799adda4,/home/sean-campbell/github/willow-2.0,sandbox/willow-2.0,,
79,2026-05-14T17:36:26.470Z,assistant,assistant,e493c06e-bf1a-439c-a5fb-222b35fc398d,eadfff2d-3fd1-4339-b9e3-440a0a38dde1,1c029e8d-ddb5-413c-a856-e62d799adda4,/home/sean-campbell/github/willow-2.0,sandbox/willow-2.0,claude-sonnet-4-6,tool_use
80,,file-history-snapshot,,,,,,,,
81,2026-05-14T17:36:28.208Z,user,user,e4623cd0-2efb-40f8-bee0-011214a36098,e493c06e-bf1a-439c-a5fb-222b35fc398d,1c029e8d-ddb5-413c-a856-e62d799adda4,/home/sean-campbell/github/willow-2.0,sandbox/willow-2.0,,
82,2026-05-14T17:36:28.216Z,attachment,,141597a1-39e0-4ac5-beb3-b50e952a9a98,e4623cd0-2efb-40f8-bee0-011214a36098,1c029e8d-ddb5-413c-a856-e62d799adda4,/home/sean-campbell/github/willow-2.0,sandbox/willow-2.0,,
83,2026-05-14T17:36:35.686Z,assistant,assistant,fa0e2f9d-c59f-43d3-961e-d7094270ab7f,141597a1-39e0-4ac5-beb3-b50e952a9a98,1c029e8d-ddb5-413c-a856-e62d799adda4,/home/sean-campbell/github/willow-2.0,sandbox/willow-2.0,claude-sonnet-4-6,end_turn
84,2026-05-14T17:36:37.302Z,system,,c57ebc5b-645c-4608-8332-f9a210d90b1e,fa0e2f9d-c59f-43d3-961e-d7094270ab7f,1c029e8d-ddb5-413c-a856-e62d799adda4,/home/sean-campbell/github/willow-2.0,sandbox/willow-2.0,,
85,2026-05-14T17:36:37.304Z,system,,0de1b67a-f695-4627-8855-524e989e9765,c57ebc5b-645c-4608-8332-f9a210d90b1e,1c029e8d-ddb5-413c-a856-e62d799adda4,/home/sean-campbell/github/willow-2.0,sandbox/willow-2.0,,
86,2026-05-14T17:39:11.973Z,user,user,126d09cc-8ba4-4d01-91c1-4bc7a4829440,0de1b67a-f695-4627-8855-524e989e9765,1c029e8d-ddb5-413c-a856-e62d799adda4,/home/sean-campbell/github/willow-2.0,sandbox/willow-2.0,,
87,,file-history-snapshot,,,,,,,,
88,2026-05-14T17:39:15.681Z,assistant,assistant,d4d74c59-04fc-47e3-8273-e5390276a73a,126d09cc-8ba4-4d01-91c1-4bc7a4829440,1c029e8d-ddb5-413c-a856-e62d799adda4,/home/sean-campbell/github/willow-2.0,sandbox/willow-2.0,claude-sonnet-4-6,tool_use
89,2026-05-14T17:39:21.458Z,user,user,30a8b062-0133-45bd-9641-f00d3ebe41a5,d4d74c59-04fc-47e3-8273-e5390276a73a,1c029e8d-ddb5-413c-a856-e62d799adda4,/home/sean-campbell/github/willow-2.0,sandbox/willow-2.0,,
90,2026-05-14T17:39:24.870Z,assistant,assistant,d162b684-011b-41d2-9961-c84dded705ec,30a8b062-0133-45bd-9641-f00d3ebe41a5,1c029e8d-ddb5-413c-a856-e62d799adda4,/home/sean-campbell/github/willow-2.0,sandbox/willow-2.0,claude-sonnet-4-6,end_turn
91,,last-prompt,,,,1c029e8d-ddb5-413c-a856-e62d799adda4,,,,
92,,ai-title,,,,1c029e8d-ddb5-413c-a856-e62d799adda4,,,,
93,,permission-mode,,,,1c029e8d-ddb5-413c-a856-e62d799adda4,,,,
94,2026-05-14T17:39:27.492Z,system,,a8b943bc-beb2-430d-b78b-cd3146e70e02,d162b684-011b-41d2-9961-c84dded705ec,1c029e8d-ddb5-413c-a856-e62d799adda4,/home/sean-campbell/github/willow-2.0,sandbox/willow-2.0,,
95,2026-05-14T17:39:27.495Z,system,,c8611d3d-438d-4212-9994-63923643fcf6,a8b943bc-beb2-430d-b78b-cd3146e70e02,1c029e8d-ddb5-413c-a856-e62d799adda4,/home/sean-campbell/github/willow-2.0,sandbox/willow-2.0,,
96,,file-history-snapshot,,,,,,,,
97,2026-05-14T17:40:20.963Z,user,user,004a1408-7e60-4d12-8a97-3bd1e154d9bc,c8611d3d-438d-4212-9994-63923643fcf6,1c029e8d-ddb5-413c-a856-e62d799adda4,/home/sean-campbell/github/willow-2.0,sandbox/willow-2.0,,
98,2026-05-14T17:40:28.648Z,assistant,assistant,b34609e3-1458-4249-b6ca-6583c4b9570c,004a1408-7e60-4d12-8a97-3bd1e154d9bc,1c029e8d-ddb5-413c-a856-e62d799adda4,/home/sean-campbell/github/willow-2.0,sandbox/willow-2.0,claude-sonnet-4-6,end_turn
99,2026-05-14T17:40:29.672Z,assistant,assistant,b549112e-4b84-4e23-91f6-ec7d107f509b,b34609e3-1458-4249-b6ca-6583c4b9570c,1c029e8d-ddb5-413c-a856-e62d799adda4,/home/sean-campbell/github/willow-2.0,sandbox/willow-2.0,claude-sonnet-4-6,end_turn
100,2026-05-14T17:40:31.995Z,system,,9a018f5e-c170-4d6a-8c44-a3511a55dff7,b549112e-4b84-4e23-91f6-ec7d107f509b,1c029e8d-ddb5-413c-a856-e62d799adda4,/home/sean-campbell/github/willow-2.0,sandbox/willow-2.0,,
101,2026-05-14T17:40:31.998Z,system,,430e5e80-8134-4902-a16c-91873c517cc1,9a018f5e-c170-4d6a-8c44-a3511a55dff7,1c029e8d-ddb5-413c-a856-e62d799adda4,/home/sean-campbell/github/willow-2.0,sandbox/willow-2.0,,
102,2026-05-14T17:40:49.846Z,user,user,ccde6497-0f13-40cc-8358-1fa94919a21a,430e5e80-8134-4902-a16c-91873c517cc1,1c029e8d-ddb5-413c-a856-e62d799adda4,/home/sean-campbell/github/willow-2.0,sandbox/willow-2.0,,
103,,file-history-snapshot,,,,,,,,
104,2026-05-14T17:40:52.047Z,assistant,assistant,53f6161f-5dbb-4b59-b3b1-64ba27149361,ccde6497-0f13-40cc-8358-1fa94919a21a,1c029e8d-ddb5-413c-a856-e62d799adda4,/home/sean-campbell/github/willow-2.0,sandbox/willow-2.0,claude-sonnet-4-6,end_turn
105,2026-05-14T17:40:54.226Z,system,,4dc8cbf5-b9e2-49fc-9ee1-3647d01e09f7,53f6161f-5dbb-4b59-b3b1-64ba27149361,1c029e8d-ddb5-413c-a856-e62d799adda4,/home/sean-campbell/github/willow-2.0,sandbox/willow-2.0,,
106,2026-05-14T17:40:54.228Z,system,,1d11cdf6-da34-4fd5-81a6-94127d204986,4dc8cbf5-b9e2-49fc-9ee1-3647d01e09f7,1c029e8d-ddb5-413c-a856-e62d799adda4,/home/sean-campbell/github/willow-2.0,sandbox/willow-2.0,,
107,,file-history-snapshot,,,,,,,,
108,2026-05-14T17:41:51.617Z,user,user,809570b6-62d7-412d-832d-bedaa36bf81a,1d11cdf6-da34-4fd5-81a6-94127d204986,1c029e8d-ddb5-413c-a856-e62d799adda4,/home/sean-campbell/github/willow-2.0,sandbox/willow-2.0,,
109,2026-05-14T17:41:59.581Z,assistant,assistant,9741c715-39b3-47e5-b6f2-078c7460ebdb,809570b6-62d7-412d-832d-bedaa36bf81a,1c029e8d-ddb5-413c-a856-e62d799adda4,/home/sean-campbell/github/willow-2.0,sandbox/willow-2.0,claude-sonnet-4-6,end_turn
110,2026-05-14T17:42:00.400Z,assistant,assistant,3aab1557-deb2-441e-bb1c-e1ce458d2ccb,9741c715-39b3-47e5-b6f2-078c7460ebdb,1c029e8d-ddb5-413c-a856-e62d799adda4,/home/sean-campbell/github/willow-2.0,sandbox/willow-2.0,claude-sonnet-4-6,end_turn
111,2026-05-14T17:42:02.656Z,system,,dbfe0e39-6b27-4cef-8100-7a77acf141b5,3aab1557-deb2-441e-bb1c-e1ce458d2ccb,1c029e8d-ddb5-413c-a856-e62d799adda4,/home/sean-campbell/github/willow-2.0,sandbox/willow-2.0,,
112,2026-05-14T17:42:02.658Z,system,,807ac925-ca3c-4df8-aa3d-7ff7d17873ab,dbfe0e39-6b27-4cef-8100-7a77acf141b5,1c029e8d-ddb5-413c-a856-e62d799adda4,/home/sean-campbell/github/willow-2.0,sandbox/willow-2.0,,
113,,file-history-snapshot,,,,,,,,
114,2026-05-14T17:42:59.847Z,user,user,3d77f005-7343-4944-9ed8-96d7e482eaf2,807ac925-ca3c-4df8-aa3d-7ff7d17873ab,1c029e8d-ddb5-413c-a856-e62d799adda4,/home/sean-campbell/github/willow-2.0,sandbox/willow-2.0,,
115,2026-05-14T17:42:59.847Z,user,user,5b664884-caed-49e0-8d1b-de34bb7a36ef,3d77f005-7343-4944-9ed8-96d7e482eaf2,1c029e8d-ddb5-413c-a856-e62d799adda4,/home/sean-campbell/github/willow-2.0,sandbox/willow-2.0,,
116,,last-prompt,,,,1c029e8d-ddb5-413c-a856-e62d799adda4,,,,
117,,ai-title,,,,1c029e8d-ddb5-413c-a856-e62d799adda4,,,,
118,,permission-mode,,,,1c029e8d-ddb5-413c-a856-e62d799adda4,,,,
119,2026-05-14T17:44:01.163Z,assistant,assistant,9e1a8d81-5a99-450f-890d-55e3c6c2c4dd,5b664884-caed-49e0-8d1b-de34bb7a36ef,1c029e8d-ddb5-413c-a856-e62d799adda4,/home/sean-campbell/github/willow-2.0,sandbox/willow-2.0,claude-sonnet-4-6,tool_use
120,2026-05-14T17:44:03.392Z,assistant,assistant,fc9877cd-820b-4d57-9772-9132d1e47526,9e1a8d81-5a99-450f-890d-55e3c6c2c4dd,1c029e8d-ddb5-413c-a856-e62d799adda4,/home/sean-campbell/github/willow-2.0,sandbox/willow-2.0,claude-sonnet-4-6,tool_use
121,2026-05-14T17:44:39.541Z,assistant,assistant,fe51b025-4d76-4a95-a715-0723936d08eb,fc9877cd-820b-4d57-9772-9132d1e47526,1c029e8d-ddb5-413c-a856-e62d799adda4,/home/sean-campbell/github/willow-2.0,sandbox/willow-2.0,claude-sonnet-4-6,tool_use
122,2026-05-14T17:44:40.956Z,user,user,09f14f53-aab2-4054-9fa5-a3d3d211d8f6,fe51b025-4d76-4a95-a715-0723936d08eb,1c029e8d-ddb5-413c-a856-e62d799adda4,/home/sean-campbell/github/willow-2.0,sandbox/willow-2.0,,
123,,last-prompt,,,,1c029e8d-ddb5-413c-a856-e62d799adda4,,,,
124,,ai-title,,,,1c029e8d-ddb5-413c-a856-e62d799adda4,,,,
125,,permission-mode,,,,1c029e8d-ddb5-413c-a856-e62d799adda4,,,,
126,2026-05-14T17:44:46.289Z,assistant,assistant,1c07d013-9dbf-4575-b1c3-dc7fdbc61774,09f14f53-aab2-4054-9fa5-a3d3d211d8f6,1c029e8d-ddb5-413c-a856-e62d799adda4,/home/sean-campbell/github/willow-2.0,sandbox/willow-2.0,claude-sonnet-4-6,end_turn
127,2026-05-14T17:44:51.328Z,attachment,,9e84555a-c444-43c5-9adf-0f538a490603,1c07d013-9dbf-4575-b1c3-dc7fdbc61774,1c029e8d-ddb5-413c-a856-e62d799adda4,/home/sean-campbell/github/willow-2.0,sandbox/willow-2.0,,
128,2026-05-14T17:44:51.329Z,system,,d5aa16dd-e318-4e02-ab2d-b94ec0c807c7,9e84555a-c444-43c5-9adf-0f538a490603,1c029e8d-ddb5-413c-a856-e62d799adda4,/home/sean-campbell/github/willow-2.0,sandbox/willow-2.0,,
129,2026-05-14T17:44:51.332Z,system,,a6545f11-1386-43a6-9084-ac09c018a728,d5aa16dd-e318-4e02-ab2d-b94ec0c807c7,1c029e8d-ddb5-413c-a856-e62d799adda4,/home/sean-campbell/github/willow-2.0,sandbox/willow-2.0,,
130,2026-05-14T17:45:58.219Z,user,user,a4f986a5-dd69-49e4-b017-f309e9e6f2c6,a6545f11-1386-43a6-9084-ac09c018a728,1c029e8d-ddb5-413c-a856-e62d799adda4,/home/sean-campbell/github/willow-2.0,sandbox/willow-2.0,,
131,,file-history-snapshot,,,,,,,,
132,2026-05-14T17:46:03.758Z,system,,590f2463-d4f5-490c-9a5a-d7ade1f56cdf,a4f986a5-dd69-49e4-b017-f309e9e6f2c6,1c029e8d-ddb5-413c-a856-e62d799adda4,/home/sean-campbell/github/willow-2.0,sandbox/willow-2.0,,
133,2026-05-14T17:46:03.759Z,system,,edb946e4-18d2-4cca-9ed8-68ebb4a2b2cf,590f2463-d4f5-490c-9a5a-d7ade1f56cdf,1c029e8d-ddb5-413c-a856-e62d799adda4,/home/sean-campbell/github/willow-2.0,sandbox/willow-2.0,,
134,2026-05-14T17:46:04.316Z,system,,f240a18b-0f98-4e8d-a110-8b068f9d6bea,edb946e4-18d2-4cca-9ed8-68ebb4a2b2cf,1c029e8d-ddb5-413c-a856-e62d799adda4,/home/sean-campbell/github/willow-2.0,sandbox/willow-2.0,,
135,2026-05-14T17:46:48.486Z,assistant,assistant,582d3155-242e-4384-b6e9-d6373f9135aa,f240a18b-0f98-4e8d-a110-8b068f9d6bea,1c029e8d-ddb5-413c-a856-e62d799adda4,/home/sean-campbell/github/willow-2.0,sandbox/willow-2.0,claude-sonnet-4-6,tool_use
136,2026-05-14T17:46:50.195Z,assistant,assistant,a9fd2296-e3f5-4c6e-9a29-d52c4f70ece3,582d3155-242e-4384-b6e9-d6373f9135aa,1c029e8d-ddb5-413c-a856-e62d799adda4,/home/sean-campbell/github/willow-2.0,sandbox/willow-2.0,claude-sonnet-4-6,tool_use
137,2026-05-14T17:46:50.914Z,assistant,assistant,2b4eaf33-faaa-4e88-906d-f57ca0ea643c,a9fd2296-e3f5-4c6e-9a29-d52c4f70ece3,1c029e8d-ddb5-413c-a856-e62d799adda4,/home/sean-campbell/github/willow-2.0,sandbox/willow-2.0,claude-sonnet-4-6,tool_use
138,2026-05-14T17:46:50.938Z,user,user,a12ece5a-ef84-44bb-aa4a-b02449a6698b,2b4eaf33-faaa-4e88-906d-f57ca0ea643c,1c029e8d-ddb5-413c-a856-e62d799adda4,/home/sean-campbell/github/willow-2.0,sandbox/willow-2.0,,
139,2026-05-14T17:46:50.953Z,attachment,,02a2be99-130a-45cc-8eb5-d4bb60eab90b,a12ece5a-ef84-44bb-aa4a-b02449a6698b,1c029e8d-ddb5-413c-a856-e62d799adda4,/home/sean-campbell/github/willow-2.0,sandbox/willow-2.0,,
140,2026-05-14T17:46:55.412Z,assistant,assistant,f6aef73a-c3e6-46b5-b25b-7fc197970864,02a2be99-130a-45cc-8eb5-d4bb60eab90b,1c029e8d-ddb5-413c-a856-e62d799adda4,/home/sean-campbell/github/willow-2.0,sandbox/willow-2.0,claude-sonnet-4-6,tool_use
141,2026-05-14T17:46:55.431Z,user,user,dd1fdb53-f3e8-4c57-825d-5f3bcae7826a,f6aef73a-c3e6-46b5-b25b-7fc197970864,1c029e8d-ddb5-413c-a856-e62d799adda4,/home/sean-campbell/github/willow-2.0,sandbox/willow-2.0,,
142,,last-prompt,,,,1c029e8d-ddb5-413c-a856-e62d799adda4,,,,
143,,ai-title,,,,1c029e8d-ddb5-413c-a856-e62d799adda4,,,,
144,,permission-mode,,,,1c029e8d-ddb5-413c-a856-e62d799adda4,,,,
145,2026-05-14T17:46:58.666Z,assistant,assistant,1a771479-c5dc-4947-984e-1c3d0931ef7d,dd1fdb53-f3e8-4c57-825d-5f3bcae7826a,1c029e8d-ddb5-413c-a856-e62d799adda4,/home/sean-campbell/github/willow-2.0,sandbox/willow-2.0,claude-sonnet-4-6,tool_use
146,2026-05-14T17:46:58.699Z,user,user,5f327e64-f392-4f29-a5bf-add2afcf6927,1a771479-c5dc-4947-984e-1c3d0931ef7d,1c029e8d-ddb5-413c-a856-e62d799adda4,/home/sean-campbell/github/willow-2.0,sandbox/willow-2.0,,
147,2026-05-14T17:47:03.405Z,assistant,assistant,d91951e9-11f6-40cd-88b3-cc380fe3afc5,5f327e64-f392-4f29-a5bf-add2afcf6927,1c029e8d-ddb5-413c-a856-e62d799adda4,/home/sean-campbell/github/willow-2.0,sandbox/willow-2.0,claude-sonnet-4-6,tool_use
148,2026-05-14T17:47:05.495Z,user,user,25da3484-adaa-47b0-9ba0-e20578c4e99e,d91951e9-11f6-40cd-88b3-cc380fe3afc5,1c029e8d-ddb5-413c-a856-e62d799adda4,/home/sean-campbell/github/willow-2.0,sandbox/willow-2.0,,
149,2026-05-14T17:47:08.323Z,assistant,assistant,ada949d4-8c7c-4fc3-b868-f7d0168b7edb,25da3484-adaa-47b0-9ba0-e20578c4e99e,1c029e8d-ddb5-413c-a856-e62d799adda4,/home/sean-campbell/github/willow-2.0,sandbox/willow-2.0,claude-sonnet-4-6,end_turn
150,2026-05-14T17:47:13.429Z,attachment,,daae3396-d39d-45c9-ab75-3a9fddb6b511,ada949d4-8c7c-4fc3-b868-f7d0168b7edb,1c029e8d-ddb5-413c-a856-e62d799adda4,/home/sean-campbell/github/willow-2.0,sandbox/willow-2.0,,
151,2026-05-14T17:47:13.429Z,system,,d1695828-425d-4793-9a90-80d526371537,daae3396-d39d-45c9-ab75-3a9fddb6b511,1c029e8d-ddb5-413c-a856-e62d799adda4,/home/sean-campbell/github/willow-2.0,sandbox/willow-2.0,,
152,2026-05-14T17:47:13.433Z,system,,5efe6e67-ff7d-4ed9-9b52-847f1c4f70ed,d1695828-425d-4793-9a90-80d526371537,1c029e8d-ddb5-413c-a856-e62d799adda4,/home/sean-campbell/github/willow-2.0,sandbox/willow-2.0,,
153,2026-05-14T17:52:26.382Z,system,,8da11017-b6e1-428c-83e6-811759a1b222,5efe6e67-ff7d-4ed9-9b52-847f1c4f70ed,1c029e8d-ddb5-413c-a856-e62d799adda4,/home/sean-campbell/github/willow-2.0,sandbox/willow-2.0,,
154,2026-05-14T17:53:56.662Z,user,user,002b5200-472d-4f44-8d88-6484e755b9bf,8da11017-b6e1-428c-83e6-811759a1b222,1c029e8d-ddb5-413c-a856-e62d799adda4,/home/sean-campbell/github/willow-2.0,sandbox/willow-2.0,,
155,,file-history-snapshot,,,,,,,,
156,2026-05-14T17:54:00.894Z,assistant,assistant,dcc393bb-cf53-48b8-8551-d85e984416fb,002b5200-472d-4f44-8d88-6484e755b9bf,1c029e8d-ddb5-413c-a856-e62d799adda4,/home/sean-campbell/github/willow-2.0,sandbox/willow-2.0,claude-sonnet-4-6,end_turn
157,2026-05-14T17:54:05.964Z,attachment,,4bbd9cec-1d8f-4fb2-a25d-8d4d58025ffc,dcc393bb-cf53-48b8-8551-d85e984416fb,1c029e8d-ddb5-413c-a856-e62d799adda4,/home/sean-campbell/github/willow-2.0,sandbox/willow-2.0,,
158,2026-05-14T17:54:05.965Z,system,,5423ee1c-075f-43ee-9baf-b96980a7efa4,4bbd9cec-1d8f-4fb2-a25d-8d4d58025ffc,1c029e8d-ddb5-413c-a856-e62d799adda4,/home/sean-campbell/github/willow-2.0,sandbox/willow-2.0,,
159,2026-05-14T17:54:05.969Z,system,,c5eede8e-6a7d-4f03-8b36-8aeef8453759,5423ee1c-075f-43ee-9baf-b96980a7efa4,1c029e8d-ddb5-413c-a856-e62d799adda4,/home/sean-campbell/github/willow-2.0,sandbox/willow-2.0,,
160,,file-history-snapshot,,,,,,,,
161,2026-05-14T17:54:06.656Z,user,user,17c332af-64bb-4d7e-abc5-887892c4e574,c5eede8e-6a7d-4f03-8b36-8aeef8453759,1c029e8d-ddb5-413c-a856-e62d799adda4,/home/sean-campbell/github/willow-2.0,sandbox/willow-2.0,,
162,2026-05-14T17:54:09.766Z,assistant,assistant,1e436970-4336-459b-9101-d8c8fafaff9b,17c332af-64bb-4d7e-abc5-887892c4e574,1c029e8d-ddb5-413c-a856-e62d799adda4,/home/sean-campbell/github/willow-2.0,sandbox/willow-2.0,claude-sonnet-4-6,end_turn
163,2026-05-14T17:54:14.890Z,attachment,,f958e9af-46c9-4ce2-9871-37fe5f61e28e,1e436970-4336-459b-9101-d8c8fafaff9b,1c029e8d-ddb5-413c-a856-e62d799adda4,/home/sean-campbell/github/willow-2.0,sandbox/willow-2.0,,
164,2026-05-14T17:54:14.891Z,system,,bcb532f8-688b-4a97-bfb4-abd7b2f3737b,f958e9af-46c9-4ce2-9871-37fe5f61e28e,1c029e8d-ddb5-413c-a856-e62d799adda4,/home/sean-campbell/github/willow-2.0,sandbox/willow-2.0,,
165,2026-05-14T17:54:14.894Z,system,,cd844c55-b460-4b74-8750-14a8399a6e9f,bcb532f8-688b-4a97-bfb4-abd7b2f3737b,1c029e8d-ddb5-413c-a856-e62d799adda4,/home/sean-campbell/github/willow-2.0,sandbox/willow-2.0,,
166,,file-history-snapshot,,,,,,,,
167,2026-05-14T17:54:26.903Z,user,user,12f1c92d-bb9d-4fd1-9b62-549985017ba8,cd844c55-b460-4b74-8750-14a8399a6e9f,1c029e8d-ddb5-413c-a856-e62d799adda4,/home/sean-campbell/github/willow-2.0,sandbox/willow-2.0,,
168,,last-prompt,,,,1c029e8d-ddb5-413c-a856-e62d799adda4,,,,
169,,ai-title,,,,1c029e8d-ddb5-413c-a856-e62d799adda4,,,,
170,,permission-mode,,,,1c029e8d-ddb5-413c-a856-e62d799adda4,,,,
171,2026-05-14T17:54:36.735Z,assistant,assistant,be17caf7-6b20-4754-a9b0-6b47cfaa1842,12f1c92d-bb9d-4fd1-9b62-549985017ba8,1c029e8d-ddb5-413c-a856-e62d799adda4,/home/sean-campbell/github/willow-2.0,sandbox/willow-2.0,claude-sonnet-4-6,tool_use
172,2026-05-14T17:54:40.831Z,assistant,assistant,2cb2d3e3-1f6c-47ce-8c6f-ceae8c4d361b,be17caf7-6b20-4754-a9b0-6b47cfaa1842,1c029e8d-ddb5-413c-a856-e62d799adda4,/home/sean-campbell/github/willow-2.0,sandbox/willow-2.0,claude-sonnet-4-6,tool_use
173,2026-05-14T18:12:21.747Z,user,user,fbea3dd0-00d7-42e7-b8f8-a0ed0faad8ae,2cb2d3e3-1f6c-47ce-8c6f-ceae8c4d361b,1c029e8d-ddb5-413c-a856-e62d799adda4,/home/sean-campbell/github/willow-2.0,sandbox/willow-2.0,,
174,2026-05-14T18:12:42.600Z,assistant,assistant,761b73b3-4501-4bea-80dc-39d016b994f1,fbea3dd0-00d7-42e7-b8f8-a0ed0faad8ae,1c029e8d-ddb5-413c-a856-e62d799adda4,/home/sean-campbell/github/willow-2.0,sandbox/willow-2.0,claude-sonnet-4-6,tool_use
175,2026-05-14T18:12:43.827Z,assistant,assistant,4ec4740d-447b-4a48-a6ae-92e84adf0563,761b73b3-4501-4bea-80dc-39d016b994f1,1c029e8d-ddb5-413c-a856-e62d799adda4,/home/sean-campbell/github/willow-2.0,sandbox/willow-2.0,claude-sonnet-4-6,tool_use
176,2026-05-14T18:12:44.852Z,assistant,assistant,86a4058f-7791-466a-8220-495db41725d4,4ec4740d-447b-4a48-a6ae-92e84adf0563,1c029e8d-ddb5-413c-a856-e62d799adda4,/home/sean-campbell/github/willow-2.0,sandbox/willow-2.0,claude-sonnet-4-6,tool_use
177,2026-05-14T18:12:49.204Z,user,user,8f7485ec-5171-4aa1-ba8a-2c70b6a748f3,86a4058f-7791-466a-8220-495db41725d4,1c029e8d-ddb5-413c-a856-e62d799adda4,/home/sean-campbell/github/willow-2.0,sandbox/willow-2.0,,
178,2026-05-14T18:12:56.221Z,assistant,assistant,e3d96feb-3775-4e4a-90f5-e4df914f1eeb,8f7485ec-5171-4aa1-ba8a-2c70b6a748f3,1c029e8d-ddb5-413c-a856-e62d799adda4,/home/sean-campbell/github/willow-2.0,sandbox/willow-2.0,claude-sonnet-4-6,tool_use
179,2026-05-14T18:12:58.587Z,user,user,73f18d01-73ae-455f-8db5-77d01de377e5,e3d96feb-3775-4e4a-90f5-e4df914f1eeb,1c029e8d-ddb5-413c-a856-e62d799adda4,/home/sean-campbell/github/willow-2.0,sandbox/willow-2.0,,
180,2026-05-14T18:12:58.596Z,attachment,,576f17d5-ffb5-4dae-888d-0a3853069d7b,73f18d01-73ae-455f-8db5-77d01de377e5,1c029e8d-ddb5-413c-a856-e62d799adda4,/home/sean-campbell/github/willow-2.0,sandbox/willow-2.0,,
181,2026-05-14T18:13:01.158Z,assistant,assistant,fb6d9967-66d4-48ee-a583-c15ce588d86c,576f17d5-ffb5-4dae-888d-0a3853069d7b,1c029e8d-ddb5-413c-a856-e62d799adda4,/home/sean-campbell/github/willow-2.0,sandbox/willow-2.0,claude-sonnet-4-6,tool_use
182,2026-05-14T18:13:01.166Z,user,user,8ff05c6a-c702-46a7-be55-dd62239e783c,fb6d9967-66d4-48ee-a583-c15ce588d86c,1c029e8d-ddb5-413c-a856-e62d799adda4,/home/sean-campbell/github/willow-2.0,sandbox/willow-2.0,,
183,2026-05-14T18:13:07.125Z,assistant,assistant,36400787-9b2c-4ba8-afa0-6b44a04046ab,8ff05c6a-c702-46a7-be55-dd62239e783c,1c029e8d-ddb5-413c-a856-e62d799adda4,/home/sean-campbell/github/willow-2.0,sandbox/willow-2.0,claude-sonnet-4-6,tool_use
184,2026-05-14T18:13:09.303Z,user,user,b64ac415-e42d-43f1-9fcb-cc37f16741d7,36400787-9b2c-4ba8-afa0-6b44a04046ab,1c029e8d-ddb5-413c-a856-e62d799adda4,/home/sean-campbell/github/willow-2.0,sandbox/willow-2.0,,
185,2026-05-14T18:13:22.125Z,assistant,assistant,1a135b10-179d-4757-aaaa-c95feb2c536a,b64ac415-e42d-43f1-9fcb-cc37f16741d7,1c029e8d-ddb5-413c-a856-e62d799adda4,/home/sean-campbell/github/willow-2.0,sandbox/willow-2.0,claude-sonnet-4-6,tool_use
186,,last-prompt,,,,1c029e8d-ddb5-413c-a856-e62d799adda4,,,,
187,,ai-title,,,,1c029e8d-ddb5-413c-a856-e62d799adda4,,,,
188,,permission-mode,,,,1c029e8d-ddb5-413c-a856-e62d799adda4,,,,
189,,file-history-snapshot,,,,,,,,
190,2026-05-14T18:13:25.218Z,user,user,9f60894d-b646-470d-95b0-45322eeea897,1a135b10-179d-4757-aaaa-c95feb2c536a,1c029e8d-ddb5-413c-a856-e62d799adda4,/home/sean-campbell/github/willow-2.0,sandbox/willow-2.0,,
191,2026-05-14T18:13:28.591Z,assistant,assistant,19117414-8b6d-4097-9eb0-ff289f20fae1,9f60894d-b646-470d-95b0-45322eeea897,1c029e8d-ddb5-413c-a856-e62d799adda4,/home/sean-campbell/github/willow-2.0,sandbox/willow-2.0,claude-sonnet-4-6,tool_use
192,2026-05-14T18:13:34.210Z,assistant,assistant,ba4e26d1-4af6-4656-bc20-c218ca71ac4a,19117414-8b6d-4097-9eb0-ff289f20fae1,1c029e8d-ddb5-413c-a856-e62d799adda4,/home/sean-campbell/github/willow-2.0,sandbox/willow-2.0,claude-sonnet-4-6,tool_use
193,2026-05-14T18:13:36.866Z,user,user,f58d42d0-d991-49fe-a3da-a1301ef09c5f,ba4e26d1-4af6-4656-bc20-c218ca71ac4a,1c029e8d-ddb5-413c-a856-e62d799adda4,/home/sean-campbell/github/willow-2.0,sandbox/willow-2.0,,
194,2026-05-14T18:13:40.351Z,assistant,assistant,104ae691-8a81-4bd8-b56e-19c697a002b1,f58d42d0-d991-49fe-a3da-a1301ef09c5f,1c029e8d-ddb5-413c-a856-e62d799adda4,/home/sean-campbell/github/willow-2.0,sandbox/willow-2.0,claude-sonnet-4-6,tool_use
195,2026-05-14T18:13:41.287Z,assistant,assistant,980a3f50-c3b5-4409-a658-2852444576e7,104ae691-8a81-4bd8-b56e-19c697a002b1,1c029e8d-ddb5-413c-a856-e62d799adda4,/home/sean-campbell/github/willow-2.0,sandbox/willow-2.0,claude-sonnet-4-6,tool_use
196,2026-05-14T18:13:44.984Z,user,user,bb879f05-7b19-4cef-b3cd-5ea926efc490,980a3f50-c3b5-4409-a658-2852444576e7,1c029e8d-ddb5-413c-a856-e62d799adda4,/home/sean-campbell/github/willow-2.0,sandbox/willow-2.0,,
197,2026-05-14T18:13:47.142Z,assistant,assistant,22029394-cfb7-45bb-8e15-42c825a94245,bb879f05-7b19-4cef-b3cd-5ea926efc490,1c029e8d-ddb5-413c-a856-e62d799adda4,/home/sean-campbell/github/willow-2.0,sandbox/willow-2.0,claude-sonnet-4-6,tool_use
198,2026-05-14T18:13:57.251Z,assistant,assistant,c31baecc-c5cb-4665-97b6-3ce91654128b,22029394-cfb7-45bb-8e15-42c825a94245,1c029e8d-ddb5-413c-a856-e62d799adda4,/home/sean-campbell/github/willow-2.0,sandbox/willow-2.0,claude-sonnet-4-6,tool_use
199,,last-prompt,,,,1c029e8d-ddb5-413c-a856-e62d799adda4,,,,
200,,ai-title,,,,1c029e8d-ddb5-413c-a856-e62d799adda4,,,,
201,,permission-mode,,,,1c029e8d-ddb5-413c-a856-e62d799adda4,,,,
202,2026-05-14T18:13:57.618Z,user,user,6ead9937-d3b8-47ca-848c-95e2538abf9c,c31baecc-c5cb-4665-97b6-3ce91654128b,1c029e8d-ddb5-413c-a856-e62d799adda4,/home/sean-campbell/github/willow-2.0,sandbox/willow-2.0,,
203,2026-05-14T18:14:00.249Z,assistant,assistant,f5ca2d17-7e60-43a2-81ce-e3ecf7f1c80b,6ead9937-d3b8-47ca-848c-95e2538abf9c,1c029e8d-ddb5-413c-a856-e62d799adda4,/home/sean-campbell/github/willow-2.0,sandbox/willow-2.0,claude-sonnet-4-6,tool_use
204,2026-05-14T18:14:02.477Z,assistant,assistant,15135347-f1de-4592-8bb1-e7852bdfbee8,f5ca2d17-7e60-43a2-81ce-e3ecf7f1c80b,1c029e8d-ddb5-413c-a856-e62d799adda4,/home/sean-campbell/github/willow-2.0,sandbox/willow-2.0,claude-sonnet-4-6,tool_use
205,2026-05-14T18:14:02.858Z,user,user,14ed61f5-9787-4eee-8764-b7513e228605,15135347-f1de-4592-8bb1-e7852bdfbee8,1c029e8d-ddb5-413c-a856-e62d799adda4,/home/sean-campbell/github/willow-2.0,sandbox/willow-2.0,,
206,2026-05-14T18:14:02.865Z,attachment,,020eb899-db9a-4688-97a6-47bdaa1f85b0,14ed61f5-9787-4eee-8764-b7513e228605,1c029e8d-ddb5-413c-a856-e62d799adda4,/home/sean-campbell/github/willow-2.0,sandbox/willow-2.0,,
207,2026-05-14T18:14:06.979Z,assistant,assistant,fc1ea757-9c4a-4a85-9ff0-55b8918d3009,020eb899-db9a-4688-97a6-47bdaa1f85b0,1c029e8d-ddb5-413c-a856-e62d799adda4,/home/sean-campbell/github/willow-2.0,sandbox/willow-2.0,claude-sonnet-4-6,tool_use
208,2026-05-14T18:14:07.407Z,user,user,da51a0c2-464a-44ce-a56a-a34501564bbc,fc1ea757-9c4a-4a85-9ff0-55b8918d3009,1c029e8d-ddb5-413c-a856-e62d799adda4,/home/sean-campbell/github/willow-2.0,sandbox/willow-2.0,,
209,2026-05-14T18:14:10.312Z,assistant,assistant,a3e98231-3846-48d6-bd9d-9df40a3e263a,da51a0c2-464a-44ce-a56a-a34501564bbc,1c029e8d-ddb5-413c-a856-e62d799adda4,/home/sean-campbell/github/willow-2.0,sandbox/willow-2.0,claude-sonnet-4-6,tool_use
210,2026-05-14T18:14:12.519Z,assistant,assistant,6ac39e39-45d9-4d8f-a662-439f98e5bf35,a3e98231-3846-48d6-bd9d-9df40a3e263a,1c029e8d-ddb5-413c-a856-e62d799adda4,/home/sean-campbell/github/willow-2.0,sandbox/willow-2.0,claude-sonnet-4-6,tool_use
211,2026-05-14T18:14:12.950Z,user,user,3ee125fe-18b5-4c47-afe0-992380046c51,6ac39e39-45d9-4d8f-a662-439f98e5bf35,1c029e8d-ddb5-413c-a856-e62d799adda4,/home/sean-campbell/github/willow-2.0,sandbox/willow-2.0,,
212,2026-05-14T18:14:19.990Z,assistant,assistant,d4242379-0d82-4e0a-bf4b-e2d44be8bb75,3ee125fe-18b5-4c47-afe0-992380046c51,1c029e8d-ddb5-413c-a856-e62d799adda4,/home/sean-campbell/github/willow-2.0,sandbox/willow-2.0,claude-sonnet-4-6,tool_use
213,,last-prompt,,,,1c029e8d-ddb5-413c-a856-e62d799adda4,,,,
214,,ai-title,,,,1c029e8d-ddb5-413c-a856-e62d799adda4,,,,
215,,permission-mode,,,,1c029e8d-ddb5-413c-a856-e62d799adda4,,,,
216,2026-05-14T18:14:20.596Z,user,user,6566e386-cbd1-4686-be52-52f4690b9283,d4242379-0d82-4e0a-bf4b-e2d44be8bb75,1c029e8d-ddb5-413c-a856-e62d799adda4,/home/sean-campbell/github/willow-2.0,sandbox/willow-2.0,,
217,2026-05-14T18:14:26.434Z,assistant,assistant,51fe9d96-3c58-49e5-accd-6c29b4541729,6566e386-cbd1-4686-be52-52f4690b9283,1c029e8d-ddb5-413c-a856-e62d799adda4,/home/sean-campbell/github/willow-2.0/social-stats,sandbox/willow-2.0,claude-sonnet-4-6,tool_use
218,2026-05-14T18:14:28.071Z,assistant,assistant,1ec2453c-eede-4ff8-9478-e887e29b2d85,51fe9d96-3c58-49e5-accd-6c29b4541729,1c029e8d-ddb5-413c-a856-e62d799adda4,/home/sean-campbell/github/willow-2.0/social-stats,sandbox/willow-2.0,claude-sonnet-4-6,tool_use
219,2026-05-14T18:14:28.638Z,user,user,42575e72-5089-41b3-8901-aa3316b4aec9,1ec2453c-eede-4ff8-9478-e887e29b2d85,1c029e8d-ddb5-413c-a856-e62d799adda4,/home/sean-campbell/github/willow-2.0/social-stats,sandbox/willow-2.0,,
220,2026-05-14T18:14:35.662Z,assistant,assistant,aa113d92-a03a-4499-8e81-f65a65d58bd3,42575e72-5089-41b3-8901-aa3316b4aec9,1c029e8d-ddb5-413c-a856-e62d799adda4,/home/sean-campbell/github/willow-2.0/social-stats,sandbox/willow-2.0,claude-sonnet-4-6,tool_use
221,2026-05-14T18:14:36.048Z,user,user,8b169ecb-bd6e-47b5-b120-c2d9be7114a1,aa113d92-a03a-4499-8e81-f65a65d58bd3,1c029e8d-ddb5-413c-a856-e62d799adda4,/home/sean-campbell/github/willow-2.0/social-stats,sandbox/willow-2.0,,
222,2026-05-14T18:14:45.474Z,assistant,assistant,baf33137-22da-41b6-b2b0-23622da2aea6,8b169ecb-bd6e-47b5-b120-c2d9be7114a1,1c029e8d-ddb5-413c-a856-e62d799adda4,/home/sean-campbell/github/willow-2.0/social-stats,sandbox/willow-2.0,claude-sonnet-4-6,end_turn
223,2026-05-14T18:14:50.641Z,attachment,,a83dd108-084e-43a9-a361-823fdf0de327,baf33137-22da-41b6-b2b0-23622da2aea6,1c029e8d-ddb5-413c-a856-e62d799adda4,/home/sean-campbell/github/willow-2.0/social-stats,sandbox/willow-2.0,,
224,2026-05-14T18:14:50.642Z,system,,0b62fae6-4efc-4ed5-86b9-77e5ec044baf,a83dd108-084e-43a9-a361-823fdf0de327,1c029e8d-ddb5-413c-a856-e62d799adda4,/home/sean-campbell/github/willow-2.0/social-stats,sandbox/willow-2.0,,
225,2026-05-14T18:14:50.656Z,system,,754b9073-4151-445d-aa3a-b8820b8e6be3,0b62fae6-4efc-4ed5-86b9-77e5ec044baf,1c029e8d-ddb5-413c-a856-e62d799adda4,/home/sean-campbell/github/willow-2.0/social-stats,sandbox/willow-2.0,,
226,2026-05-14T18:17:54.005Z,system,,68918f21-1e02-4073-b942-104638ca2f05,754b9073-4151-445d-aa3a-b8820b8e6be3,1c029e8d-ddb5-413c-a856-e62d799adda4,/home/sean-campbell/github/willow-2.0/social-stats,sandbox/willow-2.0,,
227,,file-history-snapshot,,,,,,,,
228,2026-05-14T18:21:00.405Z,user,user,b4e52c1d-0a8e-4194-a20c-047616ed5862,68918f21-1e02-4073-b942-104638ca2f05,1c029e8d-ddb5-413c-a856-e62d799adda4,/home/sean-campbell/github/willow-2.0/social-stats,sandbox/willow-2.0,,
229,2026-05-14T18:21:28.940Z,assistant,assistant,d6f62d10-32ab-4f22-9b0a-b7f5e069e97f,b4e52c1d-0a8e-4194-a20c-047616ed5862,1c029e8d-ddb5-413c-a856-e62d799adda4,/home/sean-campbell/github/willow-2.0/social-stats,sandbox/willow-2.0,claude-sonnet-4-6,tool_use
230,2026-05-14T18:21:29.247Z,assistant,assistant,63676d07-12bb-49ac-839d-37f75ff3dbcf,d6f62d10-32ab-4f22-9b0a-b7f5e069e97f,1c029e8d-ddb5-413c-a856-e62d799adda4,/home/sean-campbell/github/willow-2.0/social-stats,sandbox/willow-2.0,claude-sonnet-4-6,tool_use
231,2026-05-14T18:21:29.297Z,user,user,f3f8e491-c73a-4076-8cfd-b185ff7b8c60,63676d07-12bb-49ac-839d-37f75ff3dbcf,1c029e8d-ddb5-413c-a856-e62d799adda4,/home/sean-campbell/github/willow-2.0/social-stats,sandbox/willow-2.0,,
232,,last-prompt,,,,1c029e8d-ddb5-413c-a856-e62d799adda4,,,,
233,,ai-title,,,,1c029e8d-ddb5-413c-a856-e62d799adda4,,,,
234,,permission-mode,,,,1c029e8d-ddb5-413c-a856-e62d799adda4,,,,
235,2026-05-14T18:22:01.511Z,assistant,assistant,9e3ac625-54e0-4f46-be2c-aa1bc54f817a,f3f8e491-c73a-4076-8cfd-b185ff7b8c60,1c029e8d-ddb5-413c-a856-e62d799adda4,/home/sean-campbell/github/willow-2.0/social-stats,sandbox/willow-2.0,claude-sonnet-4-6,tool_use
236,2026-05-14T18:22:03.039Z,assistant,assistant,c3318acc-480d-423d-a767-d10005996568,9e3ac625-54e0-4f46-be2c-aa1bc54f817a,1c029e8d-ddb5-413c-a856-e62d799adda4,/home/sean-campbell/github/willow-2.0/social-stats,sandbox/willow-2.0,claude-sonnet-4-6,tool_use
237,2026-05-14T18:22:07.342Z,assistant,assistant,8c2cb5ee-60c6-4f9f-94d5-502c7df66ff7,c3318acc-480d-423d-a767-d10005996568,1c029e8d-ddb5-413c-a856-e62d799adda4,/home/sean-campbell/github/willow-2.0/social-stats,sandbox/willow-2.0,claude-sonnet-4-6,tool_use
238,2026-05-14T18:22:12.590Z,user,user,ae0ff214-cacf-47db-aa55-05861b00cb07,8c2cb5ee-60c6-4f9f-94d5-502c7df66ff7,1c029e8d-ddb5-413c-a856-e62d799adda4,/home/sean-campbell/github/willow-2.0/social-stats,sandbox/willow-2.0,,
239,2026-05-14T18:22:12.589Z,attachment,,e0fa8b22-0e90-4514-8d23-cb0890af2c69,ae0ff214-cacf-47db-aa55-05861b00cb07,1c029e8d-ddb5-413c-a856-e62d799adda4,/home/sean-campbell/github/willow-2.0/social-stats,sandbox/willow-2.0,,
240,2026-05-14T18:22:12.607Z,attachment,,a8f86e57-4c5d-4ea0-bf2a-4ad5ce9e20fc,e0fa8b22-0e90-4514-8d23-cb0890af2c69,1c029e8d-ddb5-413c-a856-e62d799adda4,/home/sean-campbell/github/willow-2.0/social-stats,sandbox/willow-2.0,,
241,2026-05-14T18:22:18.120Z,assistant,assistant,3dc02370-712d-411a-a68f-194f4cc45393,a8f86e57-4c5d-4ea0-bf2a-4ad5ce9e20fc,1c029e8d-ddb5-413c-a856-e62d799adda4,/home/sean-campbell/github/willow-2.0/social-stats,sandbox/willow-2.0,claude-sonnet-4-6,tool_use
242,2026-05-14T18:22:21.066Z,assistant,assistant,eb30707a-d2e0-4b46-91f2-018196072c09,3dc02370-712d-411a-a68f-194f4cc45393,1c029e8d-ddb5-413c-a856-e62d799adda4,/home/sean-campbell/github/willow-2.0/social-stats,sandbox/willow-2.0,claude-sonnet-4-6,tool_use
243,2026-05-14T18:22:26.446Z,user,user,d1a70c2b-a190-4430-9743-221e7511b5b0,eb30707a-d2e0-4b46-91f2-018196072c09,1c029e8d-ddb5-413c-a856-e62d799adda4,/home/sean-campbell/github/willow-2.0/social-stats,sandbox/willow-2.0,,
244,2026-05-14T18:22:26.445Z,attachment,,2b820c9b-3f64-4abd-8336-dc89f08a8b33,d1a70c2b-a190-4430-9743-221e7511b5b0,1c029e8d-ddb5-413c-a856-e62d799adda4,/home/sean-campbell/github/willow-2.0/social-stats,sandbox/willow-2.0,,
245,2026-05-14T18:22:30.376Z,assistant,assistant,0ba56785-d31b-4373-90cc-07bc0c08b41c,2b820c9b-3f64-4abd-8336-dc89f08a8b33,1c029e8d-ddb5-413c-a856-e62d799adda4,/home/sean-campbell/github/willow-2.0/social-stats,sandbox/willow-2.0,claude-sonnet-4-6,tool_use
246,2026-05-14T18:22:47.278Z,assistant,assistant,9c7b63a5-52da-4fb1-adae-1669ebd4d6b0,0ba56785-d31b-4373-90cc-07bc0c08b41c,1c029e8d-ddb5-413c-a856-e62d799adda4,/home/sean-campbell/github/willow-2.0/social-stats,sandbox/willow-2.0,claude-sonnet-4-6,tool_use
247,,last-prompt,,,,1c029e8d-ddb5-413c-a856-e62d799adda4,,,,
248,,ai-title,,,,1c029e8d-ddb5-413c-a856-e62d799adda4,,,,
249,,permission-mode,,,,1c029e8d-ddb5-413c-a856-e62d799adda4,,,,
250,2026-05-14T18:22:51.365Z,user,user,69c60f80-95f0-410c-84e7-76fab6a1a7d6,9c7b63a5-52da-4fb1-adae-1669ebd4d6b0,1c029e8d-ddb5-413c-a856-e62d799adda4,/home/sean-campbell/github/willow-2.0/social-stats,sandbox/willow-2.0,,
251,2026-05-14T18:22:55.170Z,assistant,assistant,75835bfe-2ef1-4385-8472-188f9588a43a,69c60f80-95f0-410c-84e7-76fab6a1a7d6,1c029e8d-ddb5-413c-a856-e62d799adda4,/home/sean-campbell/github/willow-2.0/social-stats,sandbox/willow-2.0,claude-sonnet-4-6,tool_use
252,2026-05-14T18:23:08.782Z,assistant,assistant,8b22ea20-f7b6-4de2-82ed-2293a5c27f51,75835bfe-2ef1-4385-8472-188f9588a43a,1c029e8d-ddb5-413c-a856-e62d799adda4,/home/sean-campbell/github/willow-2.0/social-stats,sandbox/willow-2.0,claude-sonnet-4-6,tool_use
253,2026-05-14T18:23:09.051Z,user,user,01d653ea-e06f-43da-b345-ce7290102fb7,8b22ea20-f7b6-4de2-82ed-2293a5c27f51,1c029e8d-ddb5-413c-a856-e62d799adda4,/home/sean-campbell/github/willow-2.0/social-stats,sandbox/willow-2.0,,
254,2026-05-14T18:23:12.519Z,assistant,assistant,aa1501aa-ad05-4081-a9f3-4ad1c6921554,01d653ea-e06f-43da-b345-ce7290102fb7,1c029e8d-ddb5-413c-a856-e62d799adda4,/home/sean-campbell/github/willow-2.0/social-stats,sandbox/willow-2.0,claude-sonnet-4-6,tool_use
255,2026-05-14T18:23:14.824Z,assistant,assistant,651c01e5-64d1-4f32-8c9a-8cde89102064,aa1501aa-ad05-4081-a9f3-4ad1c6921554,1c029e8d-ddb5-413c-a856-e62d799adda4,/home/sean-campbell/github/willow-2.0/social-stats,sandbox/willow-2.0,claude-sonnet-4-6,tool_use
256,2026-05-14T18:23:15.067Z,user,user,be442da5-8e9f-417a-9454-21abf607971e,651c01e5-64d1-4f32-8c9a-8cde89102064,1c029e8d-ddb5-413c-a856-e62d799adda4,/home/sean-campbell/github/willow-2.0/social-stats,sandbox/willow-2.0,,
257,2026-05-14T18:23:20.740Z,assistant,assistant,cfe1c392-9a3e-4da7-abee-e12d30bc2f25,be442da5-8e9f-417a-9454-21abf607971e,1c029e8d-ddb5-413c-a856-e62d799adda4,/home/sean-campbell/github/willow-2.0/social-stats,sandbox/willow-2.0,claude-sonnet-4-6,tool_use
258,2026-05-14T18:23:21.069Z,user,user,af7740eb-6e3d-40dc-9aa9-3428d17d3654,cfe1c392-9a3e-4da7-abee-e12d30bc2f25,1c029e8d-ddb5-413c-a856-e62d799adda4,/home/sean-campbell/github/willow-2.0/social-stats,sandbox/willow-2.0,,
259,,last-prompt,,,,1c029e8d-ddb5-413c-a856-e62d799adda4,,,,
260,,ai-title,,,,1c029e8d-ddb5-413c-a856-e62d799adda4,,,,
261,,permission-mode,,,,1c029e8d-ddb5-413c-a856-e62d799adda4,,,,
262,2026-05-14T18:23:25.576Z,assistant,assistant,1fd0b5d3-9a20-44b0-bf95-9d60c729ec1d,af7740eb-6e3d-40dc-9aa9-3428d17d3654,1c029e8d-ddb5-413c-a856-e62d799adda4,/home/sean-campbell/github/willow-2.0/social-stats,sandbox/willow-2.0,claude-sonnet-4-6,tool_use
263,2026-05-14T18:23:25.867Z,user,user,54909b42-d041-48dd-8214-99139bd02730,1fd0b5d3-9a20-44b0-bf95-9d60c729ec1d,1c029e8d-ddb5-413c-a856-e62d799adda4,/home/sean-campbell/github/willow-2.0/social-stats,sandbox/willow-2.0,,
264,2026-05-14T18:23:25.875Z,attachment,,f9d41f26-366d-4edb-85a1-a7d8c98e9a18,54909b42-d041-48dd-8214-99139bd02730,1c029e8d-ddb5-413c-a856-e62d799adda4,/home/sean-campbell/github/willow-2.0/social-stats,sandbox/willow-2.0,,
265,2026-05-14T18:23:28.880Z,assistant,assistant,cd604da4-83f7-4edb-acda-c750242591f6,f9d41f26-366d-4edb-85a1-a7d8c98e9a18,1c029e8d-ddb5-413c-a856-e62d799adda4,/home/sean-campbell/github/willow-2.0/social-stats,sandbox/willow-2.0,claude-sonnet-4-6,tool_use
266,2026-05-14T18:23:31.086Z,assistant,assistant,48c53549-df94-43ee-869e-844d0d30b9c6,cd604da4-83f7-4edb-acda-c750242591f6,1c029e8d-ddb5-413c-a856-e62d799adda4,/home/sean-campbell/github/willow-2.0/social-stats,sandbox/willow-2.0,claude-sonnet-4-6,tool_use
267,2026-05-14T18:23:31.294Z,user,user,4817301c-5f67-47f8-981b-be181778a78f,48c53549-df94-43ee-869e-844d0d30b9c6,1c029e8d-ddb5-413c-a856-e62d799adda4,/home/sean-campbell/github/willow-2.0/social-stats,sandbox/willow-2.0,,
268,2026-05-14T18:23:36.841Z,assistant,assistant,a56ed001-425e-4f08-9c68-aff019977c07,4817301c-5f67-47f8-981b-be181778a78f,1c029e8d-ddb5-413c-a856-e62d799adda4,/home/sean-campbell/github/willow-2.0/social-stats,sandbox/willow-2.0,claude-sonnet-4-6,end_turn
269,2026-05-14T18:23:41.986Z,attachment,,bc52fd86-9c55-43cf-a590-3888910acf65,a56ed001-425e-4f08-9c68-aff019977c07,1c029e8d-ddb5-413c-a856-e62d799adda4,/home/sean-campbell/github/willow-2.0/social-stats,sandbox/willow-2.0,,
270,2026-05-14T18:23:41.987Z,system,,a5abeb04-7d2b-4460-a6c2-30af1892bd52,bc52fd86-9c55-43cf-a590-3888910acf65,1c029e8d-ddb5-413c-a856-e62d799adda4,/home/sean-campbell/github/willow-2.0/social-stats,sandbox/willow-2.0,,
271,2026-05-14T18:23:41.991Z,system,,f23c4b12-678e-412c-bbd2-3530a2a04e5a,a5abeb04-7d2b-4460-a6c2-30af1892bd52,1c029e8d-ddb5-413c-a856-e62d799adda4,/home/sean-campbell/github/willow-2.0/social-stats,sandbox/willow-2.0,,
272,2026-05-14T18:26:45.674Z,system,,1337c9d4-1a8b-4418-8abe-c1e02e284003,f23c4b12-678e-412c-bbd2-3530a2a04e5a,1c029e8d-ddb5-413c-a856-e62d799adda4,/home/sean-campbell/github/willow-2.0/social-stats,sandbox/willow-2.0,,
273,2026-05-14T18:29:50.637Z,user,user,30a16356-7af7-4711-9482-904919795142,1337c9d4-1a8b-4418-8abe-c1e02e284003,1c029e8d-ddb5-413c-a856-e62d799adda4,/home/sean-campbell/github/willow-2.0/social-stats,sandbox/willow-2.0,,
274,,file-history-snapshot,,,,,,,,
275,2026-05-14T18:30:00.536Z,assistant,assistant,91d0b14b-015d-465f-8e27-e2fe9c14a5ac,30a16356-7af7-4711-9482-904919795142,1c029e8d-ddb5-413c-a856-e62d799adda4,/home/sean-campbell/github/willow-2.0/social-stats,sandbox/willow-2.0,claude-sonnet-4-6,tool_use
276,2026-05-14T18:30:00.901Z,assistant,assistant,f2c1e42f-2599-4258-bde6-b8fb2579cf78,91d0b14b-015d-465f-8e27-e2fe9c14a5ac,1c029e8d-ddb5-413c-a856-e62d799adda4,/home/sean-campbell/github/willow-2.0/social-stats,sandbox/willow-2.0,claude-sonnet-4-6,tool_use
277,2026-05-14T18:30:01.458Z,assistant,assistant,1773c7f6-3ac3-4f06-a477-a94f36dfe8f0,f2c1e42f-2599-4258-bde6-b8fb2579cf78,1c029e8d-ddb5-413c-a856-e62d799adda4,/home/sean-campbell/github/willow-2.0/social-stats,sandbox/willow-2.0,claude-sonnet-4-6,tool_use
278,2026-05-14T18:30:01.464Z,user,user,240ec2a5-df6f-43ab-9927-4fd59e581e35,1773c7f6-3ac3-4f06-a477-a94f36dfe8f0,1c029e8d-ddb5-413c-a856-e62d799adda4,/home/sean-campbell/github/willow-2.0/social-stats,sandbox/willow-2.0,,
279,2026-05-14T18:30:05.540Z,assistant,assistant,25831488-ad85-4684-993e-92af69512c33,240ec2a5-df6f-43ab-9927-4fd59e581e35,1c029e8d-ddb5-413c-a856-e62d799adda4,/home/sean-campbell/github/willow-2.0/social-stats,sandbox/willow-2.0,claude-sonnet-4-6,tool_use
280,2026-05-14T18:30:05.559Z,user,user,780a0f02-4fb3-4251-979c-abcc226050ea,25831488-ad85-4684-993e-92af69512c33,1c029e8d-ddb5-413c-a856-e62d799adda4,/home/sean-campbell/github/willow-2.0/social-stats,sandbox/willow-2.0,,
281,,last-prompt,,,,1c029e8d-ddb5-413c-a856-e62d799adda4,,,,
282,,ai-title,,,,1c029e8d-ddb5-413c-a856-e62d799adda4,,,,
283,,permission-mode,,,,1c029e8d-ddb5-413c-a856-e62d799adda4,,,,
284,2026-05-14T18:30:08.466Z,assistant,assistant,3ead4afe-3349-4181-aee3-1d5f3e6c505f,780a0f02-4fb3-4251-979c-abcc226050ea,1c029e8d-ddb5-413c-a856-e62d799adda4,/home/sean-campbell/github/willow-2.0/social-stats,sandbox/willow-2.0,claude-sonnet-4-6,tool_use
285,2026-05-14T18:30:08.481Z,user,user,6607538e-4390-43e3-b495-e7380c6d944a,3ead4afe-3349-4181-aee3-1d5f3e6c505f,1c029e8d-ddb5-413c-a856-e62d799adda4,/home/sean-campbell/github/willow-2.0/social-stats,sandbox/willow-2.0,,
286,2026-05-14T18:30:56.346Z,assistant,assistant,1382dbbd-5599-4494-99bd-93c82370e463,6607538e-4390-43e3-b495-e7380c6d944a,1c029e8d-ddb5-413c-a856-e62d799adda4,/home/sean-campbell/github/willow-2.0/social-stats,sandbox/willow-2.0,claude-sonnet-4-6,tool_use
287,2026-05-14T18:30:58.495Z,assistant,assistant,f80441dd-a5bf-41b0-a13b-f39684cc6252,1382dbbd-5599-4494-99bd-93c82370e463,1c029e8d-ddb5-413c-a856-e62d799adda4,/home/sean-campbell/github/willow-2.0/social-stats,sandbox/willow-2.0,claude-sonnet-4-6,tool_use
288,2026-05-14T18:31:02.492Z,assistant,assistant,03f5408b-47ee-4520-a7cd-f68fb988e2a7,f80441dd-a5bf-41b0-a13b-f39684cc6252,1c029e8d-ddb5-413c-a856-e62d799adda4,/home/sean-campbell/github/willow-2.0/social-stats,sandbox/willow-2.0,claude-sonnet-4-6,tool_use
289,2026-05-14T18:31:04.126Z,user,user,b45a1c5d-54bb-4620-8dbe-efdea5e922c0,03f5408b-47ee-4520-a7cd-f68fb988e2a7,1c029e8d-ddb5-413c-a856-e62d799adda4,/home/sean-campbell/github/willow-2.0/social-stats,sandbox/willow-2.0,,
290,2026-05-14T18:31:08.018Z,assistant,assistant,52bf0e70-86e9-4d7e-a7b1-7aae32103156,b45a1c5d-54bb-4620-8dbe-efdea5e922c0,1c029e8d-ddb5-413c-a856-e62d799adda4,/home/sean-campbell/github/willow-2.0/social-stats,sandbox/willow-2.0,claude-sonnet-4-6,tool_use
291,2026-05-14T18:31:10.374Z,assistant,assistant,cc74ea71-d220-44b9-9f26-71d7bec972f1,52bf0e70-86e9-4d7e-a7b1-7aae32103156,1c029e8d-ddb5-413c-a856-e62d799adda4,/home/sean-campbell/github/willow-2.0/social-stats,sandbox/willow-2.0,claude-sonnet-4-6,tool_use
292,2026-05-14T18:31:10.608Z,user,user,4c36b411-244a-480a-9bac-377cf0865523,cc74ea71-d220-44b9-9f26-71d7bec972f1,1c029e8d-ddb5-413c-a856-e62d799adda4,/home/sean-campbell/github/willow-2.0/social-stats,sandbox/willow-2.0,,
293,2026-05-14T18:31:10.618Z,attachment,,5bf32517-fe60-4921-8fe8-eea31001de0d,4c36b411-244a-480a-9bac-377cf0865523,1c029e8d-ddb5-413c-a856-e62d799adda4,/home/sean-campbell/github/willow-2.0/social-stats,sandbox/willow-2.0,,
294,,last-prompt,,,,1c029e8d-ddb5-413c-a856-e62d799adda4,,,,
295,,ai-title,,,,1c029e8d-ddb5-413c-a856-e62d799adda4,,,,
296,,permission-mode,,,,1c029e8d-ddb5-413c-a856-e62d799adda4,,,,
297,2026-05-14T18:31:17.785Z,assistant,assistant,6a1b54dd-a92f-4192-8fc2-24f679034737,5bf32517-fe60-4921-8fe8-eea31001de0d,1c029e8d-ddb5-413c-a856-e62d799adda4,/home/sean-campbell/github/willow-2.0/social-stats,sandbox/willow-2.0,claude-sonnet-4-6,end_turn
298,2026-05-14T18:31:23.006Z,attachment,,f60caddd-b07b-497c-9d97-31fd2d714527,6a1b54dd-a92f-4192-8fc2-24f679034737,1c029e8d-ddb5-413c-a856-e62d799adda4,/home/sean-campbell/github/willow-2.0/social-stats,sandbox/willow-2.0,,
299,2026-05-14T18:31:23.007Z,system,,1bd43931-36dd-4693-945e-d38ebaef824d,f60caddd-b07b-497c-9d97-31fd2d714527,1c029e8d-ddb5-413c-a856-e62d799adda4,/home/sean-campbell/github/willow-2.0/social-stats,sandbox/willow-2.0,,
300,2026-05-14T18:31:23.015Z,system,,3c7b09a7-d36b-415b-bea6-4d002010b8d9,1bd43931-36dd-4693-945e-d38ebaef824d,1c029e8d-ddb5-413c-a856-e62d799adda4,/home/sean-campbell/github/willow-2.0/social-stats,sandbox/willow-2.0,,
301,2026-05-14T18:33:16.534Z,user,user,c41ccbb6-48aa-4984-a47b-67424c17b666,3c7b09a7-d36b-415b-bea6-4d002010b8d9,1c029e8d-ddb5-413c-a856-e62d799adda4,/home/sean-campbell/github/willow-2.0/social-stats,sandbox/willow-2.0,,
302,,file-history-snapshot,,,,,,,,
303,2026-05-14T18:33:49.301Z,assistant,assistant,f349e7b3-524f-4bbb-baaa-0b0e436785c3,c41ccbb6-48aa-4984-a47b-67424c17b666,1c029e8d-ddb5-413c-a856-e62d799adda4,/home/sean-campbell/github/willow-2.0/social-stats,sandbox/willow-2.0,claude-sonnet-4-6,tool_use
304,2026-05-14T18:33:51.965Z,assistant,assistant,1c37e1bd-00af-4a45-bcae-f4875e2b42eb,f349e7b3-524f-4bbb-baaa-0b0e436785c3,1c029e8d-ddb5-413c-a856-e62d799adda4,/home/sean-campbell/github/willow-2.0/social-stats,sandbox/willow-2.0,claude-sonnet-4-6,tool_use
305,2026-05-14T18:34:14.699Z,assistant,assistant,2860ad03-b865-45c5-afac-5669944dbb46,1c37e1bd-00af-4a45-bcae-f4875e2b42eb,1c029e8d-ddb5-413c-a856-e62d799adda4,/home/sean-campbell/github/willow-2.0/social-stats,sandbox/willow-2.0,claude-sonnet-4-6,tool_use
306,2026-05-14T18:34:16.363Z,user,user,b79563d4-27cd-4224-a909-b3421dd0e138,2860ad03-b865-45c5-afac-5669944dbb46,1c029e8d-ddb5-413c-a856-e62d799adda4,/home/sean-campbell/github/willow-2.0/social-stats,sandbox/willow-2.0,,
307,,last-prompt,,,,1c029e8d-ddb5-413c-a856-e62d799adda4,,,,
308,,ai-title,,,,1c029e8d-ddb5-413c-a856-e62d799adda4,,,,
309,,permission-mode,,,,1c029e8d-ddb5-413c-a856-e62d799adda4,,,,
310,2026-05-14T18:34:22.273Z,assistant,assistant,8ec18ac6-4c7f-45da-ac10-e35a3cba764d,b79563d4-27cd-4224-a909-b3421dd0e138,1c029e8d-ddb5-413c-a856-e62d799adda4,/home/sean-campbell/github/willow-2.0/social-stats,sandbox/willow-2.0,claude-sonnet-4-6,end_turn
311,2026-05-14T18:34:27.316Z,attachment,,28625b8c-0b33-440c-be9f-2d369b458baa,8ec18ac6-4c7f-45da-ac10-e35a3cba764d,1c029e8d-ddb5-413c-a856-e62d799adda4,/home/sean-campbell/github/willow-2.0/social-stats,sandbox/willow-2.0,,
312,2026-05-14T18:34:27.316Z,system,,6bee8a4a-7246-42e8-890d-228471338792,28625b8c-0b33-440c-be9f-2d369b458baa,1c029e8d-ddb5-413c-a856-e62d799adda4,/home/sean-campbell/github/willow-2.0/social-stats,sandbox/willow-2.0,,
313,2026-05-14T18:34:27.321Z,system,,1a6a076b-b450-4564-a117-d7e4c355fd39,6bee8a4a-7246-42e8-890d-228471338792,1c029e8d-ddb5-413c-a856-e62d799adda4,/home/sean-campbell/github/willow-2.0/social-stats,sandbox/willow-2.0,,
314,2026-05-14T18:35:19.150Z,user,user,fdb3d289-fbc3-4276-a757-95c4b494ed17,1a6a076b-b450-4564-a117-d7e4c355fd39,1c029e8d-ddb5-413c-a856-e62d799adda4,/home/sean-campbell/github/willow-2.0/social-stats,sandbox/willow-2.0,,
315,,file-history-snapshot,,,,,,,,
316,2026-05-14T18:36:57.825Z,assistant,assistant,169ea8ad-145d-4251-9250-e1e1c1b433af,fdb3d289-fbc3-4276-a757-95c4b494ed17,1c029e8d-ddb5-413c-a856-e62d799adda4,/home/sean-campbell/github/willow-2.0/social-stats,sandbox/willow-2.0,claude-sonnet-4-6,tool_use
317,2026-05-14T18:36:59.459Z,assistant,assistant,a89314b1-483f-4faa-938c-c40369a795af,169ea8ad-145d-4251-9250-e1e1c1b433af,1c029e8d-ddb5-413c-a856-e62d799adda4,/home/sean-campbell/github/willow-2.0/social-stats,sandbox/willow-2.0,claude-sonnet-4-6,tool_use
318,2026-05-14T18:37:01.303Z,assistant,assistant,351bd662-e6f1-4c7a-836c-96b7ea662400,a89314b1-483f-4faa-938c-c40369a795af,1c029e8d-ddb5-413c-a856-e62d799adda4,/home/sean-campbell/github/willow-2.0/social-stats,sandbox/willow-2.0,claude-sonnet-4-6,tool_use
319,,last-prompt,,,,1c029e8d-ddb5-413c-a856-e62d799adda4,,,,
320,,ai-title,,,,1c029e8d-ddb5-413c-a856-e62d799adda4,,,,
321,,permission-mode,,,,1c029e8d-ddb5-413c-a856-e62d799adda4,,,,
322,2026-05-14T18:37:03.465Z,user,user,0cf28ba9-1b0b-45ac-8f69-12144b87cb98,351bd662-e6f1-4c7a-836c-96b7ea662400,1c029e8d-ddb5-413c-a856-e62d799adda4,/home/sean-campbell/github/willow-2.0/social-stats,sandbox/willow-2.0,,
323,2026-05-14T18:37:08.065Z,assistant,assistant,605fc64b-8b00-42e2-9531-25ec4858ec7a,0cf28ba9-1b0b-45ac-8f69-12144b87cb98,1c029e8d-ddb5-413c-a856-e62d799adda4,/home/sean-campbell/github/willow-2.0/social-stats,sandbox/willow-2.0,claude-sonnet-4-6,tool_use
324,2026-05-14T18:37:08.340Z,user,user,3b5ff816-dfdb-468e-9602-85e3a62ea251,605fc64b-8b00-42e2-9531-25ec4858ec7a,1c029e8d-ddb5-413c-a856-e62d799adda4,/home/sean-campbell/github/willow-2.0/social-stats,sandbox/willow-2.0,,
325,2026-05-14T18:37:12.157Z,assistant,assistant,58387222-be81-40e6-bdc7-0f8241ca361f,3b5ff816-dfdb-468e-9602-85e3a62ea251,1c029e8d-ddb5-413c-a856-e62d799adda4,/home/sean-campbell/github/willow-2.0/social-stats,sandbox/willow-2.0,claude-sonnet-4-6,end_turn
326,2026-05-14T18:37:17.278Z,attachment,,7b205478-538b-45af-9521-aaf982036109,58387222-be81-40e6-bdc7-0f8241ca361f,1c029e8d-ddb5-413c-a856-e62d799adda4,/home/sean-campbell/github/willow-2.0/social-stats,sandbox/willow-2.0,,
327,2026-05-14T18:37:17.279Z,system,,7d97d88e-3514-4f22-879e-b43b9bdbaff9,7b205478-538b-45af-9521-aaf982036109,1c029e8d-ddb5-413c-a856-e62d799adda4,/home/sean-campbell/github/willow-2.0/social-stats,sandbox/willow-2.0,,
328,2026-05-14T18:37:17.283Z,system,,d4ea5dd1-b7fe-4535-97c5-2d9f72fbe07e,7d97d88e-3514-4f22-879e-b43b9bdbaff9,1c029e8d-ddb5-413c-a856-e62d799adda4,/home/sean-campbell/github/willow-2.0/social-stats,sandbox/willow-2.0,,
329,2026-05-14T18:38:00.764Z,user,user,06a6fac2-5278-4128-b3c4-76a144fd3c10,d4ea5dd1-b7fe-4535-97c5-2d9f72fbe07e,1c029e8d-ddb5-413c-a856-e62d799adda4,/home/sean-campbell/github/willow-2.0/social-stats,sandbox/willow-2.0,,
330,,file-history-snapshot,,,,,,,,
331,2026-05-14T18:38:04.804Z,assistant,assistant,a9b69ed5-5421-4010-8cc0-dca3098d48a7,06a6fac2-5278-4128-b3c4-76a144fd3c10,1c029e8d-ddb5-413c-a856-e62d799adda4,/home/sean-campbell/github/willow-2.0/social-stats,sandbox/willow-2.0,claude-sonnet-4-6,end_turn
332,2026-05-14T18:38:09.941Z,attachment,,10144ca9-1189-4fc9-be4c-a851f291b270,a9b69ed5-5421-4010-8cc0-dca3098d48a7,1c029e8d-ddb5-413c-a856-e62d799adda4,/home/sean-campbell/github/willow-2.0/social-stats,sandbox/willow-2.0,,
333,2026-05-14T18:38:09.941Z,system,,4ad54780-3e05-4edb-a13c-2adae1e16161,10144ca9-1189-4fc9-be4c-a851f291b270,1c029e8d-ddb5-413c-a856-e62d799adda4,/home/sean-campbell/github/willow-2.0/social-stats,sandbox/willow-2.0,,
334,2026-05-14T18:38:09.946Z,system,,d0aea98b-ae9f-47bf-8b9f-5235dc586db7,4ad54780-3e05-4edb-a13c-2adae1e16161,1c029e8d-ddb5-413c-a856-e62d799adda4,/home/sean-campbell/github/willow-2.0/social-stats,sandbox/willow-2.0,,
335,,file-history-snapshot,,,,,,,,
336,2026-05-14T18:39:10.787Z,user,user,e1f72bb8-44ae-49d9-a80a-97336b3ce453,d0aea98b-ae9f-47bf-8b9f-5235dc586db7,1c029e8d-ddb5-413c-a856-e62d799adda4,/home/sean-campbell/github/willow-2.0/social-stats,sandbox/willow-2.0,,
337,2026-05-14T18:39:16.267Z,assistant,assistant,66fb23a4-b9dc-4e05-a48b-f232de1f302e,e1f72bb8-44ae-49d9-a80a-97336b3ce453,1c029e8d-ddb5-413c-a856-e62d799adda4,/home/sean-campbell/github/willow-2.0/social-stats,sandbox/willow-2.0,claude-sonnet-4-6,tool_use
338,2026-05-14T18:39:34.291Z,assistant,assistant,395a2164-cd96-4376-8645-2ab50604014f,66fb23a4-b9dc-4e05-a48b-f232de1f302e,1c029e8d-ddb5-413c-a856-e62d799adda4,/home/sean-campbell/github/willow-2.0/social-stats,sandbox/willow-2.0,claude-sonnet-4-6,tool_use
339,,file-history-snapshot,,,,,,,,
340,2026-05-14T18:39:36.722Z,user,user,0cf1fce2-a934-4d83-ab5d-0884734094c7,395a2164-cd96-4376-8645-2ab50604014f,1c029e8d-ddb5-413c-a856-e62d799adda4,/home/sean-campbell/github/willow-2.0/social-stats,sandbox/willow-2.0,,
341,2026-05-14T18:39:36.730Z,attachment,,8707bf52-405f-4553-83d3-09d2b95557f8,0cf1fce2-a934-4d83-ab5d-0884734094c7,1c029e8d-ddb5-413c-a856-e62d799adda4,/home/sean-campbell/github/willow-2.0/social-stats,sandbox/willow-2.0,,
342,2026-05-14T18:39:40.127Z,assistant,assistant,09ee7f05-9328-4f73-b62b-18debd82b491,8707bf52-405f-4553-83d3-09d2b95557f8,1c029e8d-ddb5-413c-a856-e62d799adda4,/home/sean-campbell/github/willow-2.0/social-stats,sandbox/willow-2.0,claude-sonnet-4-6,tool_use
343,2026-05-14T18:39:40.158Z,user,user,df1f1c39-df08-472b-886f-c3b0a3093688,09ee7f05-9328-4f73-b62b-18debd82b491,1c029e8d-ddb5-413c-a856-e62d799adda4,/home/sean-campbell/github/willow-2.0/social-stats,sandbox/willow-2.0,,
344,,last-prompt,,,,1c029e8d-ddb5-413c-a856-e62d799adda4,,,,
345,,ai-title,,,,1c029e8d-ddb5-413c-a856-e62d799adda4,,,,
346,,permission-mode,,,,1c029e8d-ddb5-413c-a856-e62d799adda4,,,,
347,2026-05-14T18:39:48.326Z,assistant,assistant,6cf29452-1b37-40bf-80c1-0889189f7ba7,df1f1c39-df08-472b-886f-c3b0a3093688,1c029e8d-ddb5-413c-a856-e62d799adda4,/home/sean-campbell/github/willow-2.0/social-stats,sandbox/willow-2.0,claude-sonnet-4-6,tool_use
348,,file-history-snapshot,,,,,,,,
349,2026-05-14T18:39:49.967Z,user,user,4f16d7be-5fff-4256-802d-f9bc6d7aa6b4,6cf29452-1b37-40bf-80c1-0889189f7ba7,1c029e8d-ddb5-413c-a856-e62d799adda4,/home/sean-campbell/github/willow-2.0/social-stats,sandbox/willow-2.0,,
350,2026-05-14T18:39:53.559Z,assistant,assistant,9943a2c2-4eaf-4e5f-999a-d94b7e5f6509,4f16d7be-5fff-4256-802d-f9bc6d7aa6b4,1c029e8d-ddb5-413c-a856-e62d799adda4,/home/sean-campbell/github/willow-2.0/social-stats,sandbox/willow-2.0,claude-sonnet-4-6,end_turn
351,2026-05-14T18:39:58.728Z,attachment,,9994e135-aaa2-4afc-baae-a4a08314a6ca,9943a2c2-4eaf-4e5f-999a-d94b7e5f6509,1c029e8d-ddb5-413c-a856-e62d799adda4,/home/sean-campbell/github/willow-2.0/social-stats,sandbox/willow-2.0,,
352,2026-05-14T18:39:58.729Z,system,,0dd1ec7c-d96c-4904-b929-537f5c9a0364,9994e135-aaa2-4afc-baae-a4a08314a6ca,1c029e8d-ddb5-413c-a856-e62d799adda4,/home/sean-campbell/github/willow-2.0/social-stats,sandbox/willow-2.0,,
353,2026-05-14T18:39:58.733Z,system,,c70f2bef-2426-4202-8a2e-caf66a6543c9,0dd1ec7c-d96c-4904-b929-537f5c9a0364,1c029e8d-ddb5-413c-a856-e62d799adda4,/home/sean-campbell/github/willow-2.0/social-stats,sandbox/willow-2.0,,
354,2026-05-14T18:41:31.424Z,user,user,75b67d87-fe69-4f8c-bf88-dccec4b25d68,c70f2bef-2426-4202-8a2e-caf66a6543c9,1c029e8d-ddb5-413c-a856-e62d799adda4,/home/sean-campbell/github/willow-2.0/social-stats,sandbox/willow-2.0,,
355,,file-history-snapshot,,,,,,,,
356,2026-05-14T18:41:34.758Z,assistant,assistant,4577b00c-2456-4b64-ab7f-7e182547ed4a,75b67d87-fe69-4f8c-bf88-dccec4b25d68,1c029e8d-ddb5-413c-a856-e62d799adda4,/home/sean-campbell/github/willow-2.0/social-stats,sandbox/willow-2.0,claude-sonnet-4-6,end_turn
357,2026-05-14T18:41:39.883Z,attachment,,106d7dab-2fd6-4ab8-a927-9be7ab7c5099,4577b00c-2456-4b64-ab7f-7e182547ed4a,1c029e8d-ddb5-413c-a856-e62d799adda4,/home/sean-campbell/github/willow-2.0/social-stats,sandbox/willow-2.0,,
358,2026-05-14T18:41:39.883Z,system,,e81132f9-e11e-4af9-a73a-1fe9541e9053,106d7dab-2fd6-4ab8-a927-9be7ab7c5099,1c029e8d-ddb5-413c-a856-e62d799adda4,/home/sean-campbell/github/willow-2.0/social-stats,sandbox/willow-2.0,,
359,2026-05-14T18:41:39.887Z,system,,a0df46b4-11a3-4cdf-ac8b-252fc834a949,e81132f9-e11e-4af9-a73a-1fe9541e9053,1c029e8d-ddb5-413c-a856-e62d799adda4,/home/sean-campbell/github/willow-2.0/social-stats,sandbox/willow-2.0,,
360,,last-prompt,,,,1c029e8d-ddb5-413c-a856-e62d799adda4,,,,
361,,ai-title,,,,1c029e8d-ddb5-413c-a856-e62d799adda4,,,,
362,,permission-mode,,,,1c029e8d-ddb5-413c-a856-e62d799adda4,,,,
